Workbook

Sheet Supp. info
B1: Supporting Information
B3: Functional Centralization, Congestion, and Tailpipe Emissions: Evidence from Yaoundé, Cameroon
B4: Anehmbom Ghoutum 1,2, Nkweauseh Reginald Longfor2*, Aloysious Kohtem Lebga1, John Joseph Puthenkalam2, Xuepeng Qian2
B5: 1 National Institute of Cartography, Yaoundé, Cameroon
B6: 2 Graduate School of Global Environmental Studies, Sophia University, Tokyo, Japan
B8: * Corresponding author: NKWEAUSEH REGINALD LONGFOR. Email: n-longfor-3r2@sophia.ac.jp
B10: Attached you may find the numerical results from the traffic volume analysis, tailpipe emissions estimations (tier 1 and 2), congestion penalties, missed trips and economic impact on driver and passenger

Sheet Sat. City Pop.
B2: Satellite town population density estimation
B4: Satellite Town | C4: Road network length (km) | D4: Surface Area (km2) | E4: Population | F4: Road network density (km/km2) | G4: Population density (Pop/km2)
B5: Soa | C5: 670.9 | D5: 68 | E5: 86150 | F5: =C5/D5 -> 9.8661765 | G5: =E5/D5 -> 1266.9118
B6: Mbankomo | C6: 295.1 | D6: 40.8 | E6: 49755 | F6: =C6/D6 -> 7.2328431 | G6: =E6/D6 -> 1219.4853
B7: Mfou | C7: 204.8 | D7: 80.2 | E7: 91045 | F7: =C7/D7 -> 2.553616 | G7: =E7/D7 -> 1135.2244

Sheet Vehicle Infos
A2: Vehicle Information | K2: Tier 1 | L2: Tier 2
B3: Brand Name | C3: Model | D3: Engine capacity (cm3) | E3: Horsepower (CV) | F3: Energy Source | G3: Engine type | H3: Date of first use | I3: Fuel efficiency (litres/100km) | J3: Fuel mileage (km/L) | K3: Engine emission factor (kgCO2/liter) | L3: Engine emission factor (kgCO2/km) | N3: Reference
A4: SOA | B4: Toyota | C4: HIACE 21JK12 | D4: 2494 | E4: 10 | F4: Gas | G4: Diesel | H4: 17/05/1997 | I4: 10.7 | J4: 9.35 | K4: 3.18 | L4: 0.271743 | M4: Diesel large: Euro 2 | N4: https://motoreu.com/toyota-hiace-combi-2.5-d-4d-mpg-fuel-consumption-technical-specifications-174601
C5: HIACE 4XD | D5: 2446 | E5: 8 | F5: Gas | G5: Diesel | H5: 10/02/2000 | I5: 12.1 | J5: 9.8 | K5: 3.18 | L5: 0.24523 | M5: Diesel large: Euro 3 | N5: https://www.carsales.com.au/research/toyota/hiace/2000/
C6: BB42L-BRMRS | D6: 3661 | E6: 10 | F6: Gas | G6: Diesel | H6: 43313 | I6: 12.5 | J6: 8.8 | K6: 3.18 | L6: 0.231132 | M6: Diesel large: Euro 6 a/b/c | N6: https://www.fosterstoyota.com/blog/toyota-coaster-4-2l-diesel-1737809279010
B7: Mercedes | C7: MB100D 631334 | D7: 2399 | E7: 8 | F7: Gas | G7: Diesel | H7: 25/01/1994 | I7: 9.9 | J7: 10 | K7: 3.18 | L7: 0.262608 | M7: Diesel large: Euro 1 | N7: https://www.youtube.com/watch?v=Prxw5jUTpp4
C8: Sprinter 904663 | D8: 2300 | E8: 9 | F8: Gas | G8: Diesel | H8: 36162 | I8: 9.81 | J8: 10.2 | K8: 3.18 | L8: 0.271743 | M8: Diesel large: Euro 2 | N8: https://www.spritmonitor.de/en/detail/390169.html?page=2
C9: 207 | D9: 2399 | E9: 8 | F9: Gas | G9: Diesel | H9: 29/09/1993 | I9: 13.6 | J9: 7.3 | K9: 3.18 | L9: 0.262608 | M9: Diesel large: Euro 1 | N9: https://www.spritmonitor.de/en/detail/281441.html?cdetail=1
H10: Average | I10: =AVERAGE(I4:I9) -> 11.435 | J10: =AVERAGE(J4:J9) -> 9.2416667 | K10: =AVERAGE(K4:K9) -> 3.18 | L10: =AVERAGE(L4:L9) -> 0.25751067
A13: MFOU | B13: Toyota | C13: 64ABK | D13: 1587 | E13: 9 | F13: Petrol | G13: Diesel | H13: 10/05/1997 | K13: 3.168 | L13: 0.170121 | M13: Petrol small: Euro 2
C14: 52EP82 | D14: 1295 | E14: 7 | F14: Petrol | G14: Diesel | H14: 01/01/1993 | I14: 15 | K14: 3.168 | L14: 0.173288 | M14: Petrol small: Euro 1 | N14: https://www.pakwheels.com/new-cars/toyota/starlet/fuel-average/ | O14: http://www.demoporto.com/images/provas/2019/RampaPenha/3-Resultados/CPM/09-%20Tempos%20Subida%20Oficial%203%20CPM.pdf | P14: https://www.pakwheels.com/new-cars/toyota/starlet/1-3--2/
C15: 53ABNO | D15: 1587 | E15: 7 | F15: Petrol | G15: Diesel | H15: 20/10/2000 | I15: 9.7 | K15: 3.168 | L15: 0.174866 | M15: Petrol small: Euro 3 | N15: https://podbor.ravenol.ru/1-cars/535-toyota/2206-avensis-t22/6163-avensis-1-6/ | O15: https://www.auto-data.net/en/toyota-avensis-hatch-t22-1.6-101hp-3610
C16: YARIS VVT-I | D16: 998 | E16: 6 | F16: Petrol | G16: Diesel | H16: 22/09/2004 | I16: 6.4 | K16: 3.168 | L16: 0.174866 | M16: Petrol mini: Euro 3 | N16: https://car-emissions.com/cars/view/11408
C17: NCP92L | D17: 1299 | E17: 7 | F17: Petrol | G17: Diesel | H17: 01/01/2007 | I17: 6.7 | K17: 3.168 | L17: 0.182336 | M17: Petrol small: Euro 5 | N17: https://www.carsales.com.au/research/toyota/yaris/2007/
C18: KSP902 | D18: 998 | E18: 6 | F18: Petrol | G18: Diesel | H18: 01/01/2007 | I18: 24.5 | K18: 3.168 | L18: 0.182336 | M18: Petrol mini: Euro 5 | N18: https://cars.japanesecartrade.com/detail/toyota/vitz/b-intelligent-package/131468 | O18: 996cc
C19: AVENSIS GH22B2 | D19: 1998 | E19: 11 | F19: Petrol | G19: Diesel | H19: 31/03/2005 | I19: 12.8 | K19: 3.168 | L19: 0.214905 | M19: Petrol medium: Euro 4 | N19: weight difference | O19: https://www.autoevolution.com/cars/toyota-avensis-2003.html#aeng_toyota-avensis-2003-20-vvti-4at-147-hp
B20: Mercedes | C20: 240D123 | D20: 3690 | E20: 15 | F20: Gas | G20: Diesel | H20: 24/07/2001 | K20: 3.18 | O20: https://www.spritmonitor.de/en/detail/797414.html?cdetail=1
I21: =AVERAGE(I13:I19) -> 12.516667 | K21: =AVERAGE(K13:K20) -> 3.1695 | L21: =AVERAGE(L13:L19) -> 0.18181686
A23: MBANKOMO | B23: Toyota | C23: 53ABNO | D23: 1587 | E23: 9 | F23: Petrol | G23: Diesel | H23: 26/01/2001 | I23: 10.8 | K23: 3.168 | L23: 0.174866 | M23: Petrol small: Euro 3 | N23: https://www.ultimatespecs.com/car-specs/Toyota/5193/Toyota-Avensis-I-16.html
C24: 64ZBN1 | D24: 1794 | E24: 10 | F24: Petrol | G24: Diesel | H24: 31/01/2001 | I24: 7.4 | K24: 3.168 | L24: 0.174866 | M24: Petrol small: Euro 3 | N24: https://choise.ravenol.com/1-cars/535-toyota/2206-avensis-t22/6166-avensis-1-8-16v-vtt-i/ | O24: https://www.engineindetail.com/pa/toyota-avensis-liftback-1-8-style-2001
C25: COROLLA VVT-1 | D25: 1398 | E25: 8 | F25: Petrol | G25: Diesel | H25: 01/01/1999 | I25: 8.9 | K25: 3.168 | L25: 0.170121 | M25: Petrol small: Euro 2 | N25: https://www.ultimatespecs.com/car-specs/Toyota/5296/Toyota-Corolla-VIII-5-door-14-16v-VVT-i.html
C26: EE90 | D26: 1332 | E26: 7 | F26: Petrol | G26: Diesel | H26: 01/01/1990 | I26: 9.04 | K26: 3.168 | L26: 0.173288 | M26: Petrol small: Euro 1 | N26: https://www.spritmonitor.de/en/detail/393752.html?cdetail=1 | O26: https://www.careka.lk/en/vehicle/toyota-corolla-ee90-1990-4 | P26: https://www.beforward.jp/toyota/corolla-sedan/bf163753/id/159049/
C27: KV123 | D27: 998 | E27: 6 | F27: Petrol | G27: Diesel | H27: 09/07/1999 | K27: 3.168 | L27: 0.1547 | M27: Petrol mini: Euro 2 | N27: https://www.facebook.com/story.php/?story_fbid=367416665933900&id=100079967086663&_rdr
C28: YARIS VVT-I | D28: 998 | E28: 6 | F28: Petrol | G28: Diesel | H28: 22/09/2004 | I28: 6.8 | K28: 3.168 | L28: 0.1547 | M28: Petrol mini: Euro 4 | N28: https://car-emissions.com/cars/view/11407 | O28: https://www.emissionsfinder.com/toyota-yaris-10-vvt-i-10cc-3
I29: =AVERAGE(I23:I28) -> 8.588 | K29: =AVERAGE(K23:K28) -> 3.168 | L29: =AVERAGE(L23:L28) -> 0.16709017
D34: Total distance | E34: Distance covered x round trip x trips per month
D35: Fuel consumption | E35: Total distance x fuel efficiency

Sheet Monday Est.
B2: Monday Tailpipe Emissions | D2: Soa | F2: Mfou | G2: Mbankomo
B3: Fuel consumed on total stretch | C3: Toyota | D3: 2.5 | F3: 3.3 | G3: 2.5 | H3: litres | I3: Information from driver interview
C4: Mercedes | D4: 3 | H4: litres
B5: Number of buses | C5: Time frame | D5: Number of Vehicles
C6: 06:00 - 07:00 | D6: =30+14 -> 44 | F6: 19 | G6: 13
C7: 07:00 - 10:00 | D7: =144+69 -> 213 | F7: 78 | G7: 65
C8: 10:00 - 15:00 | D8: =224+180 -> 404 | F8: 91 | G8: 61
C9: 15:00 - 19:00 | D9: =128+86 -> 214 | F9: 88 | G9: 39
C10: 19:00 - 22:00 | D10: =124+66 -> 190 | F10: 34 | G10: 31
C11: Number of days in a year | D11: 365
C14: 6:00-7:00 Scenario | H14: Tail Pipe Emissions | L14: Monday 6:00-7:00 Scenario | Q14: Tail Pipe Emissions | U14: Monday 6:00-7:00 Scenario
B15: Road Network Stretches | C15: Soa-Yaounde | D15: Cummulative distance (Km) | E15: Distance per stretch (km) | F15: Clock Time (mins) | G15: Average time Taken (min) | H15: Tier 1 Emissions (kg CO2) (Daily) | I15: Tier 2 Emissions (kg CO2) (Daily) | L15: Mfou-Yaounde | M15: Cummulative distance (Km) | N15: Distance per stretch | O15: Clock Time | P15: Average time Taken (min) | Q15: Tier 1 Emissions (kg CO2) (Daily) | R15: Tier 2 Emissions (kg CO2) (Daily) | U15: Mbankomo-Yaounde | V15: Cummulative distance (Km) | W15: Distance per stretch | X15: Clock Time | Y15: Average time Taken (min) | Z15: Tier 1 Emissions (kg CO2) (Daily) | AA15: Tier 2 Emissions (kg CO2) (Daily)
C16: Soa Centre | D16: 0 | E16: 0 | F16: 6:00 | G16: 0 | H16: =D6*D3*'Vehicle Infos'!K10 -> 349.8 | I16: =$D$6*'Monday Est.'!E16*'Vehicle Infos'!$L$10 -> 0 | L16: Marche Mfou | M16: 0 | N16: 0 | O16: 6:00 | P16: 0 | Q16: =F6*F3*'Vehicle Infos'!K21 -> 198.72765 | R16: =$F$6*'Monday Est.'!N16*'Vehicle Infos'!$L$21 -> 0 | U16: Green oil | V16: 0 | W16: 0 | X16: 6:00 | Y16: 0 | Z16: =G6*G3*'Vehicle Infos'!K29 -> 102.96 | AA16: =$G$6*'Monday Est.'!W16*'Vehicle Infos'!$L$29 -> 0
C17: Soa Centre -Vallée vert | D17: 7.5 | E17: 7.5 | F17: 6:07 | G17: 7 | I17: =$D$6*'Monday Est.'!E17*'Vehicle Infos'!$L$10 -> 84.97852 | L17: Marche Mfou - Gare Mfou | M17: 1 | N17: 1 | O17: 6:02 | P17: 2 | R17: =$F$6*'Monday Est.'!N17*'Vehicle Infos'!$L$21 -> 3.4545203 | U17: Green oil - Entrée Ngoumou | V17: 3 | W17: 3 | X17: 6:05 | Y17: 5 | AA17: =$G$6*'Monday Est.'!W17*'Vehicle Infos'!$L$29 -> 6.5165165
C18: Vallée vert -Petite marché | D18: 8 | E18: 0.5 | F18: 6:10 | G18: 3 | I18: =$D$6*'Monday Est.'!E18*'Vehicle Infos'!$L$10 -> 5.6652347 | L18: Gare Mfou - Gustave Eiffel | M18: 2.5 | N18: 1.5 | O18: 6:05 | P18: 3 | R18: =$F$6*'Monday Est.'!N18*'Vehicle Infos'!$L$21 -> 5.1817804 | U18: Entrée Ngoumou - Carrefour Nomayos | V18: 5.5 | W18: 2.5 | X18: 6:12 | Y18: 7 | AA18: =$G$6*'Monday Est.'!W18*'Vehicle Infos'!$L$29 -> 5.4304304
C19: Petite marché-Eleveur | D19: 9 | E19: 1 | F19: 6:14 | G19: 4 | I19: =$D$6*'Monday Est.'!E19*'Vehicle Infos'!$L$10 -> 11.330469 | L19: Gustave Eiffel - Entrée EP Meyo | M19: 9 | N19: 6.5 | O19: 6:14 | P19: 9 | R19: =$F$6*'Monday Est.'!N19*'Vehicle Infos'!$L$21 -> 22.454382 | U19: Carrefour Nomayos - Entrée CIMENCAM | V19: 7.5 | W19: 2 | X19: 6:19 | Y19: 7 | AA19: =$G$6*'Monday Est.'!W19*'Vehicle Infos'!$L$29 -> 4.3443443
C20: Eleveur-Total Ngoussou | D20: 10 | E20: 1 | F20: 6:18 | G20: 4 | I20: =$D$6*'Monday Est.'!E20*'Vehicle Infos'!$L$10 -> 11.330469 | L20: Entrée EP Meyo - Carrefour Nkongoa | M20: 12 | N20: 3 | O20: 6:19 | P20: 5 | R20: =$F$6*'Monday Est.'!N20*'Vehicle Infos'!$L$21 -> 10.363561 | U20: Entrée CIMENCAM - Barrier (Tradex Ahala) | V20: 12 | W20: 4.5 | X20: 6:35 | Y20: 16 | AA20: =$G$6*'Monday Est.'!W20*'Vehicle Infos'!$L$29 -> 9.7747748
C21: Total Ngoussou -Mobil Omnisport | D21: 11 | E21: 1 | F21: 6:26 | G21: 8 | I21: =$D$6*'Monday Est.'!E21*'Vehicle Infos'!$L$10 -> 11.330469 | L21: Carrefour Nkongoa - Carrefour Monti | M21: 15.5 | N21: 3.5 | O21: 6:24 | P21: 5 | R21: =$F$6*'Monday Est.'!N21*'Vehicle Infos'!$L$21 -> 12.090821 | U21: Total | W21: =SUM(W17:W20) -> 12 | Y21: =SUM(Y17:Y20) -> 35 | Z21: =SUM(Z16) -> 102.96 | AA21: =$G$6*'Monday Est.'!W21*'Vehicle Infos'!$L$29 -> 26.066066
C22: Mobil Omnisport -Texaco Omnisport | D22: 12 | E22: 1 | F22: 6:31 | G22: 5 | I22: =$D$6*'Monday Est.'!E22*'Vehicle Infos'!$L$10 -> 11.330469 | L22: Carrefour Monti - Hawai Escallier | M22: 18.5 | N22: 3 | O22: 6:30 | P22: 6 | R22: =$F$6*'Monday Est.'!N22*'Vehicle Infos'!$L$21 -> 10.363561
C23: Texaco Omnisport -Total Mfouda | D23: 14 | E23: 2 | F23: 6:38 | G23: 7 | I23: =$D$6*'Monday Est.'!E23*'Vehicle Infos'!$L$10 -> 22.660939 | L23: Total | N23: =SUM(N16:N22) -> 18.5 | P23: =SUM(P17:P22) -> 30 | Q23: =SUM(Q16) -> 198.72765 | R23: =$F$6*'Monday Est.'!N23*'Vehicle Infos'!$L$21 -> 63.908625
C24: Total Mfouda-Mobil Elig-Essono | D24: 14.5 | E24: 0.5 | F24: 6:41 | G24: 3 | I24: =$D$6*'Monday Est.'!E24*'Vehicle Infos'!$L$10 -> 5.6652347
C25: Mobil Elig-Essono-Camair | D25: 15 | E25: 0.5 | F25: 6:42 | G25: 1 | I25: =$D$6*'Monday Est.'!E25*'Vehicle Infos'!$L$10 -> 5.6652347
C26: Total | E26: 15 | G26: =SUM(G16:G25) -> 42 | H26: =SUM(H16) -> 349.8 | I26: =$D$6*'Monday Est.'!E26*'Vehicle Infos'!$L$10 -> 169.95704
AH27: Daily time coverage per stretch (Soa Centre - CAMAIR)
C28: 7:00-10:00 Scenario | L28: Monday 7:00-10:00 Scenario | U28: Monday 7:00-10:00 Scenario | AI28: 1 | AJ28: =10-7 -> 3 | AK28: =15-10 -> 5 | AL28: =19-15 -> 4 | AM28: =22-19 -> 3
C29: Soa-Yaounde: Road Network Stretches | D29: Cummulative distance (Km) | E29: Distance per stretch | F29: Clock Time | G29: Average time Taken (min) | H29: Tier 1 Emissions (kg CO2) (Daily) | I29: Tier 2 Emissions (kg CO2) (Daily) | L29: Mfou-Yaounde: Road Network Stretches | M29: Cummulative distance (Km) | N29: Distance per stretch | O29: Clock Time | P29: Average time Taken (min) | Q29: Tier 1 Emissions (kg CO2) (Daily) | R29: Tier 2 Emissions (kg CO2) (Daily) | U29: Mbankomo-Yaounde: Road Network Stretches | V29: Cummulative distance (Km) | W29: Distance per stretch | X29: Clock Time | Y29: Average time Taken (min) | Z29: Tier 1 Emissions (kg CO2) (Daily) | AA29: Tier 2 Emissions (kg CO2) (Daily) | AI29: 6:00 - 7:00 | AJ29: 7:00 - 10:00 | AK29: 10:00 - 15:00 | AL29: 15:00 - 19:00 | AM29: 19:00 - 22:00
C30: Soa Centre | D30: 0 | E30: 0 | F30: 7:30 | H30: =D7*D3*'Vehicle Infos'!K10 -> 1693.35 | I30: =$D$7*'Monday Est.'!E30*'Vehicle Infos'!$L$10 -> 0 | L30: Marche Mfou | M30: 0 | N30: 0 | O30: 8:00 | Q30: =F7*F3*'Vehicle Infos'!K21 -> 815.8293 | R30: =$F$7*'Monday Est.'!N30*'Vehicle Infos'!$L$21 -> 0 | U30: Green oil | V30: 0 | W30: 0 | X30: 7:00 | Y30: 0 | Z30: =G7*G3*'Vehicle Infos'!K29 -> 514.8 | AA30: =$G$7*'Monday Est.'!W30*'Vehicle Infos'!$L$29 -> 0 | AH30: Monday | AI30: =G26 -> 42 | AJ30: =G40 -> 62 | AK30: =G54 -> 36 | AL30: =G69 -> 66 | AM30: =G83 -> 56
C31: Soa Centre -Vallée vert | D31: 7.5 | E31: 7.5 | F31: 7:37 | G31: 7 | I31: =$D$7*'Monday Est.'!E31*'Vehicle Infos'!$L$10 -> 411.37329 | L31: Marche Mfou - Gare Mfou | M31: 1 | N31: 1 | O31: 8:02 | P31: 2 | R31: =$F$7*'Monday Est.'!N31*'Vehicle Infos'!$L$21 -> 14.181715 | U31: Green oil - Entrée Ngoumou | V31: 3 | W31: 3 | X31: 7:06 | Y31: 6 | AA31: =$G$7*'Monday Est.'!W31*'Vehicle Infos'!$L$29 -> 32.582583 | AH31: Tuesday | AI31: ='Tuesday Est.'!G41 -> 60 | AJ31: ='Tuesday Est.'!G56 -> 35 | AK31: ='Tuesday Est.'!G56 -> 35 | AL31: ='Tuesday Est.'!G71 -> 63 | AM31: ='Tuesday Est.'!G86 -> 51
C32: Vallée vert -Petite marché | D32: 8 | E32: 0.5 | F32: 7:4 | G32: 3 | I32: =$D$7*'Monday Est.'!E32*'Vehicle Infos'!$L$10 -> 27.424886 | L32: Gare Mfou - Gustave Eiffel | M32: 2.5 | N32: 1.5 | O32: 8:06 | P32: 3.5 | R32: =$F$7*'Monday Est.'!N32*'Vehicle Infos'!$L$21 -> 21.272572 | U32: Entrée Ngoumou - Carrefour Nomayos | V32: 5.5 | W32: 2.5 | X32: 7:14 | Y32: 8 | AA32: =$G$7*'Monday Est.'!W32*'Vehicle Infos'!$L$29 -> 27.152152 | AH32: Wednesday | AI32: ='Wednesday Est.'!G26 -> 37 | AJ32: ='Wednesday Est.'!G41 -> 60 | AK32: ='Wednesday Est.'!G56 -> 34 | AL32: ='Wednesday Est.'!G71 -> 61 | AM32: ='Tuesday Est.'!G86 -> 51
C33: Petite marché-Eleveur | D33: 9 | E33: 1 | F33: 7:48 | G33: 8 | I33: =$D$7*'Monday Est.'!E33*'Vehicle Infos'!$L$10 -> 54.849772 | L33: Gustave Eiffel - Entrée EP Meyo | M33: 9 | N33: 6.5 | O33: 8:15 | P33: 9 | R33: =$F$7*'Monday Est.'!N33*'Vehicle Infos'!$L$21 -> 92.181147 | U33: Carrefour Nomayos - Entrée CIMENCAM | V33: 7.5 | W33: 2 | X33: 7:26 | Y33: 12 | AA33: =$G$7*'Monday Est.'!W33*'Vehicle Infos'!$L$29 -> 21.721722 | AH33: Thursday | AI33: ='Thursday Est.'!G26 -> 36 | AJ33: ='Thursday Est.'!G41 -> 55 | AK33: ='Thursday Est.'!G56 -> 31 | AL33: ='Thursday Est.'!G71 -> 46 | AM33: ='Thursday Est.'!G86 -> 34
C34: Eleveur-Total Ngoussou | D34: 10 | E34: 1 | F34: 7:55 | G34: 7 | I34: =$D$7*'Monday Est.'!E34*'Vehicle Infos'!$L$10 -> 54.849772 | L34: Entrée EP Meyo - Carrefour Nkongoa | M34: 12 | N34: 3 | O34: 8:24 | P34: 9 | R34: =$F$7*'Monday Est.'!N34*'Vehicle Infos'!$L$21 -> 42.545145 | U34: Entrée CIMENCAM - Barrier (Tradex Ahala) | V34: 12 | W34: 4.5 | X34: 7:52 | Y34: 26 | AA34: =$G$7*'Monday Est.'!W34*'Vehicle Infos'!$L$29 -> 48.873874 | AH34: Friday | AI34: ='Friday Est'!G26 -> 30 | AJ34: ='Friday Est'!G41 -> 49 | AK34: ='Friday Est'!G56 -> 33 | AL34: ='Friday Est'!G71 -> 40 | AM34: ='Friday Est'!G86 -> 32
C35: Total Ngoussou -Mobil Omnisport | D35: 11 | E35: 1 | F35: 8:10 | G35: 15 | I35: =$D$7*'Monday Est.'!E35*'Vehicle Infos'!$L$10 -> 54.849772 | L35: Carrefour Nkongoa - Carrefour Monti | M35: 15.5 | N35: 3.5 | O35: 8:36 | P35: 12 | R35: =$F$7*'Monday Est.'!N35*'Vehicle Infos'!$L$21 -> 49.636002 | U35: Total | W35: =SUM(W31:W34) -> 12 | Y35: =SUM(Y31:Y34) -> 52 | Z35: =SUM(Z30) -> 514.8 | AA35: =$G$7*'Monday Est.'!W35*'Vehicle Infos'!$L$29 -> 130.33033 | AH35: Saturday | AI35: ='Saturday Est.'!G26 -> 33 | AJ35: ='Saturday Est.'!G42 -> 42 | AK35: ='Saturday Est.'!G58 -> 35 | AL35: ='Saturday Est.'!G74 -> 41 | AM35: ='Saturday Est.'!G90 -> 33
C36: Mobil Omnisport -Texaco Omnisport | D36: 12 | E36: 1 | F36: 8:16 | G36: 6 | I36: =$D$7*'Monday Est.'!E36*'Vehicle Infos'!$L$10 -> 54.849772 | L36: Carrefour Monti - Hawai Escallier | M36: 18.5 | N36: 3 | O36: 8:50 | P36: 14 | R36: =$F$7*'Monday Est.'!N36*'Vehicle Infos'!$L$21 -> 42.545145 | AH36: Sunday | AI36: ='Sunday Est.'!G26 -> 25 | AJ36: ='Sunday Est.'!G41 -> 39 | AK36: ='Sunday Est.'!G56 -> 30 | AL36: ='Sunday Est.'!G71 -> 35 | AM36: ='Sunday Est.'!G86 -> 31
C37: Texaco Omnisport -Total Mfouda | D37: 14 | E37: 2 | F37: 8:27 | G37: 11 | I37: =$D$7*'Monday Est.'!E37*'Vehicle Infos'!$L$10 -> 109.69954 | L37: Total | N37: =SUM(N30:N36) -> 18.5 | P37: =SUM(P31:P36) -> 49.5 | Q37: =SUM(Q30) -> 815.8293 | R37: =$F$7*'Monday Est.'!N37*'Vehicle Infos'!$L$21 -> 262.36172
C38: Total Mfouda-Mobil Elig-Essono | D38: 14.5 | E38: 0.5 | F38: 8:3 | G38: 3 | I38: =$D$7*'Monday Est.'!E38*'Vehicle Infos'!$L$10 -> 27.424886
C39: Mobil Elig-Essono-Camair | D39: 15 | E39: 0.5 | F39: 8:32 | G39: 2 | I39: =$D$7*'Monday Est.'!E39*'Vehicle Infos'!$L$10 -> 27.424886
C40: Total | E40: 15 | G40: =SUM(G31:G39) -> 62 | H40: =H30 -> 1693.35 | I40: =$D$7*'Monday Est.'!E40*'Vehicle Infos'!$L$10 -> 822.74658
C42: 10:00-15:00 Scenario | L42: Monday 10:00-15:00 Scenario | U42: Monday 10:00-15:00 Scenario | AH42: Daily Tailpipe Emissions in kg CO2 (Tier 1)
C43: Soa-Yaounde: Road Network Stretches | D43: Cummulative distance (Km) | E43: Distance per stretch | F43: Clock Time | G43: Average time Taken (min) | H43: Tier 1 Emissions (kg CO2) (Daily) | I43: Tier 2 Emissions (kg CO2) (Daily) | L43: Mfou-Yaounde: Road Network Stretches | M43: Cummulative distance (Km) | N43: Distance per stretch | O43: Clock Time | P43: Average time Taken (min) | Q43: Tier 1 Emissions (kg CO2) (Daily) | R43: Tier 2 Emissions (kg CO2) (Daily) | U43: Mbankomo-Yaounde: Road Network Stretches | V43: Cummulative distance (Km) | W43: Distance per stretch | X43: Clock Time | Y43: Average time Taken (min) | Z43: Tier 1 Emissions (kg CO2) (Daily) | AA43: Tier 2 Emissions (kg CO2) (Daily) | AI43: 6:00 - 7:00 | AJ43: 7:00 - 10:00 | AK43: 10:00 - 15:00 | AL43: 15:00 - 19:00 | AM43: 19:00 - 22:00 | AN43: TOTAL
C44: Soa Centre | D44: 0 | E44: 0 | F44: 11:30 | H44: =D8*D3*'Vehicle Infos'!K10 -> 3211.8 | I44: =$D$8*'Monday Est.'!E44*'Vehicle Infos'!$L$10 -> 0 | L44: Marche Mfou | M44: 0 | N44: 0 | O44: 11:00 | Q44: =F8*F3*'Vehicle Infos'!K21 -> 951.80085 | R44: =$F$8*'Monday Est.'!N44*'Vehicle Infos'!$L$21 -> 0 | U44: Green oil | V44: 0 | W44: 0 | X44: 15:00 | Y44: 0 | Z44: =G8*G3*'Vehicle Infos'!K29 -> 483.12 | AA44: =$G$8*'Monday Est.'!W44*'Vehicle Infos'!$L$29 -> 0 | AG44: Soa | AH44: Tier 1 | AI44: =H16 -> 349.8 | AJ44: =H30 -> 1693.35 | AK44: =H44 -> 3211.8 | AL44: =H59 -> 1701.3 | AM44: =H73 -> 1510.5 | AN44: =SUM(AI44:AM44) -> 8466.75
C45: Soa Centre -Vallée vert | D45: 7.5 | E45: 7.5 | F45: 11:37 | G45: 7 | I45: =$D$8*'Monday Est.'!E45*'Vehicle Infos'!$L$10 -> 780.25732 | L45: Marche Mfou - Gare Mfou | M45: 1 | N45: 1 | O45: 11:02 | P45: 2 | R45: =$F$8*'Monday Est.'!N45*'Vehicle Infos'!$L$21 -> 16.545334 | U45: Green oil - Entrée Ngoumou | V45: 3 | W45: 3 | X45: 15:05 | Y45: 5 | AA45: =$G$8*'Monday Est.'!W45*'Vehicle Infos'!$L$29 -> 30.577501 | AH45: Tier 2 | AI45: =I26 -> 169.95704 | AJ45: =I40 -> 822.74658 | AK45: =I54 -> 178.44485 | AL45: =I69 -> 826.60924 | AM45: =I83 -> 733.9054 | AN45: =SUM(AI45:AM45) -> 2731.6631
C46: Vallée vert -Petite marché | D46: 8 | E46: 0.5 | F46: 11:39 | G46: 2 | I46: =$D$8*'Monday Est.'!E46*'Vehicle Infos'!$L$10 -> 52.017155 | L46: Gare Mfou - Gustave Eiffel | M46: 2.5 | N46: 1.5 | O46: 11:06 | P46: 4 | R46: =$F$8*'Monday Est.'!N46*'Vehicle Infos'!$L$21 -> 24.818001 | U46: Entrée Ngoumou - Carrefour Nomayos | V46: 5.5 | W46: 2.5 | X46: 15:12 | Y46: 7 | AA46: =$G$8*'Monday Est.'!W46*'Vehicle Infos'!$L$29 -> 25.48125 | AG46: Mfou | AH46: Tier 1 | AI46: =Q16 -> 198.72765 | AJ46: =Q30 -> 815.8293 | AK46: =Q44 -> 951.80085 | AL46: =Q59 -> 920.4228 | AM46: =Q73 -> 355.6179 | AN46: =SUM(AI46:AM46) -> 3242.3985
C47: Petite marché-Eleveur | D47: 9 | E47: 1 | F47: 11:43 | G47: 4 | I47: =$D$8*'Monday Est.'!E47*'Vehicle Infos'!$L$10 -> 104.03431 | L47: Gustave Eiffel - Entrée EP Meyo | M47: 9 | N47: 6.5 | O47: 11:15 | P47: 9 | R47: =$F$8*'Monday Est.'!N47*'Vehicle Infos'!$L$21 -> 107.54467 | U47: Carrefour Nomayos - Entrée CIMENCAM | V47: 7.5 | W47: 2 | X47: 15:18 | Y47: 6 | AA47: =$G$8*'Monday Est.'!W47*'Vehicle Infos'!$L$29 -> 20.385 | AH47: Tier 2 | AI47: =R23 -> 63.908625 | AJ47: =R37 -> 262.36172 | AK47: =R51 -> 306.08868 | AL47: =R66 -> 295.99784 | AM47: =R80 -> 114.3628 | AN47: =SUM(AI47:AM47) -> 1042.7197
C48: Eleveur-Total Ngoussou | D48: 10 | E48: 1 | F48: 11:46 | G48: 3 | I48: =$D$8*'Monday Est.'!E48*'Vehicle Infos'!$L$10 -> 104.03431 | L48: Entrée EP Meyo - Carrefour Nkongoa | M48: 12 | N48: 3 | O48: 11:21 | P48: 6 | R48: =$F$8*'Monday Est.'!N48*'Vehicle Infos'!$L$21 -> 49.636002 | U48: Entrée CIMENCAM - Barrier (Tradex Ahala) | V48: 12 | W48: 4.5 | X48: 15:35 | Y48: 17 | AA48: =$G$8*'Monday Est.'!W48*'Vehicle Infos'!$L$29 -> 45.866251 | AG48: Mbankomo | AH48: Tier 1 | AI48: =Z16 -> 102.96 | AJ48: =Z30 -> 514.8 | AK48: =Z44 -> 483.12 | AL48: =Z59 -> 308.88 | AM48: =Z73 -> 245.52 | AN48: =SUM(AI48:AM48) -> 1655.28
C49: Total Ngoussou -Mobil Omnisport | D49: 11 | E49: 1 | F49: 11:54 | G49: 8 | I49: =$D$8*'Monday Est.'!E49*'Vehicle Infos'!$L$10 -> 104.03431 | L49: Carrefour Nkongoa - Carrefour Monti | M49: 15.5 | N49: 3.5 | O49: 11:28 | P49: 7 | R49: =$F$8*'Monday Est.'!N49*'Vehicle Infos'!$L$21 -> 57.908669 | U49: Total | W49: =SUM(W45:W48) -> 12 | Y49: =SUM(Y45:Y48) -> 35 | Z49: =SUM(Z44) -> 483.12 | AA49: =$G$8*'Monday Est.'!W49*'Vehicle Infos'!$L$29 -> 122.31 | AH49: Tier 2 | AI49: =AA21 -> 26.066066 | AJ49: =AA35 -> 130.33033 | AK49: =AA49 -> 122.31 | AL49: =AA64 -> 78.198198 | AM49: =AA78 -> 62.157542 | AN49: =SUM(AI49:AM49) -> 419.06214
C50: Mobil Omnisport -Texaco Omnisport | D50: 12 | E50: 1 | F50: 11:58 | G50: 4 | I50: =$D$8*'Monday Est.'!E50*'Vehicle Infos'!$L$10 -> 104.03431 | L50: Carrefour Monti - Hawai Escallier | M50: 18.5 | N50: 3 | O50: 11:35 | P50: 7 | R50: =$F$8*'Monday Est.'!N50*'Vehicle Infos'!$L$21 -> 49.636002
C51: Texaco Omnisport -Total Mfouda | D51: 14 | E51: 2 | F51: 12:03 | G51: 5 | I51: =$D$8*'Monday Est.'!E51*'Vehicle Infos'!$L$10 -> 208.06862 | L51: Total | N51: =SUM(N44:N50) -> 18.5 | P51: =SUM(P45:P50) -> 35 | Q51: =SUM(Q44) -> 951.80085 | R51: =$F$8*'Monday Est.'!N51*'Vehicle Infos'!$L$21 -> 306.08868
C52: Total Mfouda-Mobil Elig-Essono | D52: 14.5 | E52: 0.5 | F52: 12:05 | G52: 2 | I52: =$D$8*'Monday Est.'!E52*'Vehicle Infos'!$L$10 -> 52.017155
C53: Mobil Elig-Essono-Camair | D53: 15 | E53: 0.5 | F53: 12:06 | G53: 1 | I53: =$D$8*'Monday Est.'!E53*'Vehicle Infos'!$L$10 -> 52.017155
C54: Total | E54: 15 | G54: =SUM(G45:G53) -> 36 | H54: =H44 -> 3211.8 | I54: =$D$8*('Vehicle Infos'!$I$10/100)*'Monday Est.'!E54*'Vehicle Infos'!$L$10 -> 178.44485
C57: 15:00-19:00 Scenario | L57: Monday 15:00-19:00 Scenario | U57: Monday 15:00-19:00 Scenario
C58: Soa-Yaounde: Road Network Stretches | D58: Cummulative distance (Km) | E58: Distance per stretch | F58: Clock Time | G58: Average time Taken (min) | H58: Tier 1 Emissions (kg CO2) (Daily) | I58: Tier 2 Emissions (kg CO2) (Daily) | L58: Mfou-Yaounde | M58: Cummulative distance (Km) | N58: Distance per stretch | O58: Clock Time | P58: Average time Taken (min) | Q58: Tier 1 Emissions (kg CO2) (Daily) | R58: Tier 2 Emissions (kg CO2) (Daily) | U58: Mbankomo-Yaounde: Road Network Stretches | V58: Cummulative distance (Km) | W58: Distance per stretch | X58: Clock Time | Y58: Average time Taken (min) | Z58: Tier 1 Emissions (kg CO2) (Daily) | AA58: Tier 2 Emissions (kg CO2) (Daily)
C59: Soa Centre | D59: 0 | E59: 0 | F59: 15:30 | H59: =D9*D3*'Vehicle Infos'!K10 -> 1701.3 | I59: =$D$9*'Monday Est.'!E59*'Vehicle Infos'!$L$10 -> 0 | L59: Marche Mfou | M59: 0 | N59: 0 | O59: 15:00 | Q59: =F9*F3*'Vehicle Infos'!K21 -> 920.4228 | R59: =$F$9*'Monday Est.'!N59*'Vehicle Infos'!$L$21 -> 0 | U59: Green oil | V59: 0 | W59: 0 | X59: 15:00 | Y59: 0 | Z59: =G9*G3*'Vehicle Infos'!K29 -> 308.88 | AA59: =$G$9*'Monday Est.'!W59*'Vehicle Infos'!$L$29 -> 0
C60: Soa Centre -Vallée vert | D60: 7.5 | E60: 7.5 | F60: 15:37 | G60: 7 | I60: =$D$9*'Monday Est.'!E60*'Vehicle Infos'!$L$10 -> 413.30462 | L60: Marche Mfou - Gare Mfou | M60: 1 | N60: 1 | O60: 15:02 | P60: 2 | R60: =$F$9*'Monday Est.'!N60*'Vehicle Infos'!$L$21 -> 15.999883 | U60: Green oil - Entrée Ngoumou | V60: 3 | W60: 3 | X60: 15:06 | Y60: 6 | AA60: =$G$9*'Monday Est.'!W60*'Vehicle Infos'!$L$29 -> 19.54955
C61: Vallée vert -Petite marché | D61: 8 | E61: 0.5 | F61: 15:43 | G61: 6 | I61: =$D$9*'Monday Est.'!E61*'Vehicle Infos'!$L$10 -> 27.553641 | L61: Gare Mfou - Gustave Eiffel | M61: 2.5 | N61: 1.5 | O61: 15:08 | P61: 6 | R61: =$F$9*'Monday Est.'!N61*'Vehicle Infos'!$L$21 -> 23.999825 | U61: Entrée Ngoumou - Carrefour Nomayos | V61: 5.5 | W61: 2.5 | X61: 15:15 | Y61: 9 | AA61: =$G$9*'Monday Est.'!W61*'Vehicle Infos'!$L$29 -> 16.291291
C62: Petite marché-Eleveur | D62: 9 | E62: 1 | F62: 15:51 | G62: 8 | I62: =$D$9*'Monday Est.'!E62*'Vehicle Infos'!$L$10 -> 55.107283 | L62: Gustave Eiffel - Entrée EP Meyo | M62: 9 | N62: 6.5 | O62: 15:18 | P62: 10 | R62: =$F$9*'Monday Est.'!N62*'Vehicle Infos'!$L$21 -> 103.99924 | U62: Carrefour Nomayos - Entrée CIMENCAM | V62: 7.5 | W62: 2 | X62: 15:31 | Y62: 16 | AA62: =$G$9*'Monday Est.'!W62*'Vehicle Infos'!$L$29 -> 13.033033
C63: Eleveur-Total Ngoussou | D63: 10 | E63: 1 | F63: 15:58 | G63: 7 | I63: =$D$9*'Monday Est.'!E63*'Vehicle Infos'!$L$10 -> 55.107283 | L63: Entrée EP Meyo - Carrefour Nkongoa | M63: 12 | N63: 3 | O63: 15:25 | P63: 7 | R63: =$F$9*'Monday Est.'!N63*'Vehicle Infos'!$L$21 -> 47.99965 | U63: Entrée CIMENCAM - Barrier (Tradex Ahala) | V63: 12 | W63: 4.5 | X63: 16:00 | Y63: 29 | AA63: =$G$9*'Monday Est.'!W63*'Vehicle Infos'!$L$29 -> 29.324324
C64: Total Ngoussou -Mobil Omnisport | D64: 11 | E64: 1 | F64: 16:13 | G64: 15 | I64: =$D$9*'Monday Est.'!E64*'Vehicle Infos'!$L$10 -> 55.107283 | L64: Carrefour Nkongoa - Carrefour Monti | M64: 15.5 | N64: 3.5 | O64: 15:35 | P64: 10 | R64: =$F$9*'Monday Est.'!N64*'Vehicle Infos'!$L$21 -> 55.999592 | U64: Total | W64: =SUM(W60:W63) -> 12 | Y64: =SUM(Y60:Y63) -> 60 | Z64: =SUM(Z59) -> 308.88 | AA64: =$G$9*'Monday Est.'!W64*'Vehicle Infos'!$L$29 -> 78.198198
C65: Mobil Omnisport -Texaco Omnisport | D65: 12 | E65: 1 | F65: 16:19 | G65: 6 | I65: =$D$9*'Monday Est.'!E65*'Vehicle Infos'!$L$10 -> 55.107283 | L65: Carrefour Monti - Hawai Escallier | M65: 18.5 | N65: 3 | O65: 15:48 | P65: 13 | R65: =$F$9*'Monday Est.'!N65*'Vehicle Infos'!$L$21 -> 47.99965
C66: Texaco Omnisport -Total Mfouda | D66: 14 | E66: 2 | F66: 16:30 | G66: 11 | I66: =$D$9*'Monday Est.'!E66*'Vehicle Infos'!$L$10 -> 110.21457 | L66: Total | N66: =SUM(N59:N65) -> 18.5 | P66: =SUM(P60:P65) -> 48 | Q66: =SUM(Q59) -> 920.4228 | R66: =$F$9*'Monday Est.'!N66*'Vehicle Infos'!$L$21 -> 295.99784
C67: Total Mfouda-Mobil Elig-Essono | D67: 14.5 | E67: 0.5 | F67: 16:33 | G67: 3 | I67: =$D$9*'Monday Est.'!E67*'Vehicle Infos'!$L$10 -> 27.553641
C68: Mobil Elig-Essono-Camair | D68: 15 | E68: 0.5 | F68: 16:36 | G68: 3 | I68: =$D$9*'Monday Est.'!E68*'Vehicle Infos'!$L$10 -> 27.553641
C69: Total | E69: 15 | G69: =SUM(G60:G68) -> 66 | H69: =H59 -> 1701.3 | I69: =$D$9*'Monday Est.'!E69*'Vehicle Infos'!$L$10 -> 826.60924
C71: 19:00-22:00 Scenario | L71: Monday 19:00-22:00 Scenario | U71: Monday 19:00-22:00 Scenario
C72: Soa-Yaounde: Road Network Stretches | D72: Cummulative distance (Km) | E72: Distance per stretch | F72: Clock Time | G72: Average time Taken (min) | H72: Tier 1 Emissions (kg CO2) (Daily) | I72: Tier 2 Emissions (kg CO2) (Daily) | L72: Mfou-Yaounde: Road Network Stretches | M72: Cummulative distance (Km) | N72: Distance per stretch | O72: Clock Time | P72: Average time Taken (min) | Q72: Tier 1 Emissions (kg CO2) (Daily) | R72: Tier 2 Emissions (kg CO2) (Daily) | U72: Mbankomo-Yaounde: Road Network Stretches | V72: Cummulative distance (Km) | W72: Distance per stretch | X72: Clock Time | Y72: Average time Taken (min) | Z72: Tier 1 Emissions (kg CO2) (Daily) | AA72: Tier 2 Emissions (kg CO2) (Daily)
C73: Soa Centre | D73: 0 | E73: 0 | F73: 19:34 | H73: =D10*D3*'Vehicle Infos'!K10 -> 1510.5 | I73: =$D$10*'Monday Est.'!E73*'Vehicle Infos'!$L$10 -> 0 | L73: Marche Mfou | M73: 0 | N73: 0 | O73: 19:00 | Q73: =F10*F3*'Vehicle Infos'!K21 -> 355.6179 | R73: =$F$10*'Monday Est.'!N73*'Vehicle Infos'!$L$21 -> 0 | U73: Green oil | V73: 0 | W73: 0 | X73: 19:00 | Z73: =G10*G3*'Vehicle Infos'!K29 -> 245.52 | AA73: =$G$10*'Monday Est.'!W73*'Vehicle Infos'!$L$29 -> 0
C74: Soa Centre -Vallée vert | D74: 7.5 | E74: 7.5 | F74: 19:41 | G74: 7 | I74: =$D$10*'Monday Est.'!E74*'Vehicle Infos'!$L$10 -> 366.9527 | L74: Marche Mfou - Gare Mfou | M74: 1 | N74: 1 | O74: 19:02 | P74: 2 | R74: =$F$10*'Monday Est.'!N74*'Vehicle Infos'!$L$21 -> 6.1817731 | U74: Green oil - Entrée Ngoumou | V74: 3 | W74: 3 | X74: 19:05 | Y74: 5 | AA74: =$G$10*'Monday Est.'!W74*'Vehicle Infos'!$L$29 -> 15.539386
C75: Vallée vert -Petite marché | D75: 8 | E75: 0.5 | F75: 19:47 | G75: 6 | I75: =$D$10*'Monday Est.'!E75*'Vehicle Infos'!$L$10 -> 24.463513 | L75: Gare Mfou - Gustave Eiffel | M75: 2.5 | N75: 1.5 | O75: 19:07 | P75: 5 | R75: =$F$10*'Monday Est.'!N75*'Vehicle Infos'!$L$21 -> 9.2726597 | U75: Entrée Ngoumou - Carrefour Nomayos | V75: 5.5 | W75: 2.5 | X75: 19:12 | Y75: 7 | AA75: =$G$10*'Monday Est.'!W75*'Vehicle Infos'!$L$29 -> 12.949488
C76: Petite marché-Eleveur | D76: 9 | E76: 1 | F76: 19:54 | G76: 7 | I76: =$D$10*'Monday Est.'!E76*'Vehicle Infos'!$L$10 -> 48.927027 | L76: Gustave Eiffel - Entrée EP Meyo | M76: 9 | N76: 6.5 | O76: 19:16 | P76: 9 | R76: =$F$10*'Monday Est.'!N76*'Vehicle Infos'!$L$21 -> 40.181525 | U76: Carrefour Nomayos - Entrée CIMENCAM | V76: 7.5 | W76: 2 | X76: 19:21 | Y76: 9 | AA76: =$G$10*'Monday Est.'!W76*'Vehicle Infos'!$L$29 -> 10.35959
C77: Eleveur-Total Ngoussou | D77: 10 | E77: 1 | F77: 20:00 | G77: 6 | I77: =$D$10*'Monday Est.'!E77*'Vehicle Infos'!$L$10 -> 48.927027 | L77: Entrée EP Meyo - Carrefour Nkongoa | M77: 12 | N77: 3 | O77: 19:23 | P77: 7 | R77: =$F$10*'Monday Est.'!N77*'Vehicle Infos'!$L$21 -> 18.545319 | U77: Entrée CIMENCAM - Barrier (Tradex Ahala) | V77: 12 | W77: 4.5 | X77: 19:43 | Y77: 22 | AA77: =$G$10*'Monday Est.'!W77*'Vehicle Infos'!$L$29 -> 23.309078
C78: Total Ngoussou -Mobil Omnisport | D78: 11 | E78: 1 | F78: 20:13 | G78: 13 | I78: =$D$10*'Monday Est.'!E78*'Vehicle Infos'!$L$10 -> 48.927027 | L78: Carrefour Nkongoa - Carrefour Monti | M78: 15.5 | N78: 3.5 | O78: 19:29 | P78: 6 | R78: =$F$10*'Monday Est.'!N78*'Vehicle Infos'!$L$21 -> 21.636206 | U78: Total | W78: =SUM(W74:W77) -> 12 | Y78: =SUM(Y74:Y77) -> 43 | Z78: =SUM(Z73) -> 245.52 | AA78: =$G$10*'Monday Est.'!W78*'Vehicle Infos'!$L$29 -> 62.157542
C79: Mobil Omnisport -Texaco Omnisport | D79: 12 | E79: 1 | F79: 20:18 | G79: 5 | I79: =$D$10*'Monday Est.'!E79*'Vehicle Infos'!$L$10 -> 48.927027 | L79: Carrefour Monti - Hawai Escallier | M79: 18.5 | N79: 3 | O79: 19:38 | P79: 9 | R79: =$F$10*'Monday Est.'!N79*'Vehicle Infos'!$L$21 -> 18.545319
C80: Texaco Omnisport -Total Mfouda | D80: 14 | E80: 2 | F80: 20:27 | G80: 9 | I80: =$D$10*'Monday Est.'!E80*'Vehicle Infos'!$L$10 -> 97.854053 | L80: Total | N80: =SUM(N73:N79) -> 18.5 | P80: =SUM(P74:P79) -> 38 | Q80: =SUM(Q73) -> 355.6179 | R80: =$F$10*'Monday Est.'!N80*'Vehicle Infos'!$L$21 -> 114.3628
C81: Total Mfouda-Mobil Elig-Essono | D81: 14.5 | E81: 0.5 | F81: 20:29 | G81: 2 | I81: =$D$10*'Monday Est.'!E81*'Vehicle Infos'!$L$10 -> 24.463513
C82: Mobil Elig-Essono-Camair | D82: 15 | E82: 0.5 | F82: 20:30 | G82: 1 | I82: =$D$10*'Monday Est.'!E82*'Vehicle Infos'!$L$10 -> 24.463513
C83: Total | E83: 15 | G83: =SUM(G74:G82) -> 56 | H83: =SUM(H73) -> 1510.5 | I83: =$D$10*'Monday Est.'!E83*'Vehicle Infos'!$L$10 -> 733.9054
C108: Soa-Yaounde | D108: Cummulative distance (Km) | E108: Distance per stretch (km) | F108: Clock Time (mins) | G108: Average time Taken (min)
C109: Soa Centre | D109: 0 | E109: 0 | F109: 6:00 | G109: 0
C110: Soa Centre -Vallée vert | D110: 7.5 | E110: 7.5 | F110: 6:07 | G110: 7
C111: Vallée vert -Petite marché | D111: 8 | E111: 0.5 | F111: 6:10 | G111: 3
C112: Petite marché-Eleveur | D112: 9 | E112: 1 | F112: 6:14 | G112: 4
C113: Eleveur-Total Ngoussou | D113: 10 | E113: 1 | F113: 6:18 | G113: 4
C114: Total Ngoussou -Mobil Omnisport | D114: 11 | E114: 1 | F114: 6:26 | G114: 8
C115: Mobil Omnisport -Texaco Omnisport | D115: 12 | E115: 1 | F115: 6:31 | G115: 5
C116: Texaco Omnisport -Total Mfouda | D116: 14 | E116: 2 | F116: 6:38 | G116: 7
C117: Total Mfouda-Mobil Elig-Essono | D117: 14.5 | E117: 0.5 | F117: 6:41 | G117: 3
C118: Mobil Elig-Essono-Camair | D118: 15 | E118: 0.5 | F118: 6:42 | G118: 1

Sheet Tuesday Est.
B2: Tuesday Tailpipe Emissions | D2: Soa | F2: Mfou | G2: Mbankomo | H2: Units
B3: Fuel consumed on total stretch | C3: Toyota | D3: 2.5 | F3: 3.3 | G3: 2.5 | H3: litres
C4: Mercedes | D4: 3 | H4: litres
B5: Number of buses | C5: Time frame | D5: Number of Vehicles
C6: 06:00 - 07:00 | D6: =40+13 -> 53 | F6: 17 | G6: 13
C7: 07:00 - 10:00 | D7: =140+69 -> 209 | F7: 76 | G7: 63
C8: 10:00 - 15:00 | D8: =220+168 -> 388 | F8: 86 | G8: 60
C9: 15:00 - 19:00 | D9: =126+86 -> 212 | F9: 85 | G9: 39
C10: 19:00 - 22:00 | D10: =119+66 -> 185 | F10: 34 | G10: 32
C11: Number of days in a year | D11: 365
C14: Tuesday 6:00-7:00 Scenario | H14: Daily Tail Pipe Emissions | L14: Tuesday 6:00-7:00 Scenario | Q14: Tail Pipe Emissions | U14: Tuesday 6:00-7:00 Scenario | AD14: Daily Tailpipe Emissions in kg CO2 (Tier 1)
C15: Soa-Yaounde: Road Network Stretches | D15: Cummulative distance (Km) | E15: Distance per stretch | F15: Clock Time | G15: Average time Taken (min) | H15: Tier 1 Emissions (kg CO2) (Daily) | I15: Tier 2 Emissions (kg CO2) (Daily) | L15: Mfou-Yaounde: Road Network Stretches | M15: Cummulative distance (Km) | N15: Distance per stretch | O15: Clock Time | P15: Average time Taken (min) | Q15: Tier 1 Emissions (kg CO2) (Daily) | R15: Tier 2 Emissions (kg CO2) (Daily) | U15: Mbankomo-Yaounde: Road Network Stretches | V15: Cummulative distance (Km) | W15: Distance per stretch | X15: Clock Time | Y15: Average time Taken (min) | Z15: Tier 1 Emissions (kg CO2) (Daily) | AA15: Tier 2 Emissions (kg CO2) (Daily) | AE15: 6:00 - 7:00 | AF15: 7:00 - 10:00 | AG15: 10:00 - 15:00 | AH15: 15:00 - 19:00 | AI15: 19:00 - 22:00 | AJ15: TOTAL
C16: Soa Centre | D16: 0 | E16: 0 | F16: 6:00 | G16: 0 | H16: =D6*D3*'Vehicle Infos'!K10 -> 421.35 | I16: =$D$6*E16*'Vehicle Infos'!$L$10 -> 0 | L16: Marche Mfou | M16: 0 | N16: 0 | O16: 6:10 | P16: 0 | Q16: =F6*F3*'Vehicle Infos'!K21 -> 177.80895 | R16: =$F$6*N16*'Vehicle Infos'!$L$21 -> 0 | U16: Green oil | V16: 0 | W16: 0 | X16: 6:15 | Y16: 0 | Z16: =G6*G3*'Vehicle Infos'!K29 -> 102.96 | AA16: =$G$6*W16*'Vehicle Infos'!$L$29 -> 0
C17: Soa Centre -Vallée vert | D17: 7.5 | E17: 7.5 | F17: 6:07 | G17: 7 | I17: =$D$6*E17*'Vehicle Infos'!$L$10 -> 102.36049 | L17: Marche Mfou - Gare Mfou | M17: 1 | N17: 1 | O17: 6:12 | P17: 2 | R17: =$F$6*N17*'Vehicle Infos'!$L$21 -> 3.0908866 | U17: Green oil - Entrée Ngoumou | V17: 3 | W17: 3 | X17: 6:21 | Y17: 5 | AA17: =$G$6*W17*'Vehicle Infos'!$L$29 -> 6.5165165
C18: Vallée vert -Petite marché | D18: 8 | E18: 0.5 | F18: 6:10 | G18: 3 | I18: =$D$6*E18*'Vehicle Infos'!$L$10 -> 6.8240327 | L18: Gare Mfou - Gustave Eiffel | M18: 2.5 | N18: 1.5 | O18: 6:17 | P18: 5 | R18: =$F$6*N18*'Vehicle Infos'!$L$21 -> 4.6363299 | U18: Entrée Ngoumou - Carrefour Nomayos | V18: 5.5 | W18: 2.5 | X18: 6:27 | Y18: 6 | AA18: =$G$6*W18*'Vehicle Infos'!$L$29 -> 5.4304304
C19: Petite marché-Eleveur | D19: 9 | E19: 1 | F19: 6:14 | G19: 4 | I19: =$D$6*E19*'Vehicle Infos'!$L$10 -> 13.648065 | L19: Gustave Eiffel - Entrée EP Meyo | M19: 9 | N19: 6.5 | O19: 6:26 | P19: 9 | R19: =$F$6*N19*'Vehicle Infos'!$L$21 -> 20.090763 | U19: Carrefour Nomayos - Entrée CIMENCAM | V19: 7.5 | W19: 2 | X19: 6:35 | Y19: 8 | AA19: =$G$6*W19*'Vehicle Infos'!$L$29 -> 4.3443443
C20: Eleveur-Total Ngoussou | D20: 10 | E20: 1 | F20: 6:18 | G20: 4 | I20: =$D$6*E20*'Vehicle Infos'!$L$10 -> 13.648065 | L20: Entrée EP Meyo - Carrefour Nkongoa | M20: 12 | N20: 3 | O20: 6:30 | P20: 4 | R20: =$F$6*N20*'Vehicle Infos'!$L$21 -> 9.2726597 | U20: Entrée CIMENCAM - Barrier (Tradex Ahala) | V20: 12 | W20: 4.5 | X20: 6:49 | Y20: 15 | AA20: =$G$6*W20*'Vehicle Infos'!$L$29 -> 9.7747748
C21: Total Ngoussou -Mobil Omnisport | D21: 11 | E21: 1 | F21: 6:25 | G21: 7 | I21: =$D$6*E21*'Vehicle Infos'!$L$10 -> 13.648065 | L21: Carrefour Nkongoa - Carrefour Monti | M21: 15.5 | N21: 3.5 | O21: 6:35 | P21: 5 | R21: =$F$6*N21*'Vehicle Infos'!$L$21 -> 10.818103 | U21: Total | W21: =SUM(W17:W20) -> 12 | Y21: =SUM(Y17:Y20) -> 34 | AA21: =$G$6*W21*'Vehicle Infos'!$L$29 -> 26.066066
C22: Mobil Omnisport -Texaco Omnisport | D22: 12 | E22: 1 | F22: 6:30 | G22: 5 | I22: =$D$6*E22*'Vehicle Infos'!$L$10 -> 13.648065 | L22: Carrefour Monti - Hawai Escallier | M22: 18.5 | N22: 3 | O22: 6:40 | P22: 5 | R22: =$F$6*N22*'Vehicle Infos'!$L$21 -> 9.2726597
C23: Texaco Omnisport -Total Mfouda | D23: 14 | E23: 2 | F23: 6:36 | G23: 6 | I23: =$D$6*E23*'Vehicle Infos'!$L$10 -> 27.296131 | L23: Total | N23: =SUM(N16:N22) -> 18.5 | P23: =SUM(P17:P22) -> 30 | Q23: =SUM(Q16) -> 177.80895 | R23: =$F$6*N23*'Vehicle Infos'!$L$21 -> 57.181402
C24: Total Mfouda-Mobil Elig-Essono | D24: 14.5 | E24: 0.5 | F24: 6:39 | G24: 3 | I24: =$D$6*E24*'Vehicle Infos'!$L$10 -> 6.8240327
C25: Mobil Elig-Essono-Camair | D25: 15 | E25: 0.5 | F25: 6:40 | G25: 1 | I25: =$D$6*E25*'Vehicle Infos'!$L$10 -> 6.8240327
C26: Total | E26: 15 | G26: =SUM(G17:G25) -> 40 | H26: =SUM(H16) -> 421.35 | I26: =$D$6*E26*'Vehicle Infos'!$L$10 -> 204.72098
C29: Tuesday 7:00-10:00 Scenario | L29: Tuesday 7:00-10:00 Scenario | U29: Tuesday 7:00-10:00 Scenario
C30: Soa-Yaounde: Road Network Stretches | D30: Cummulative distance (Km) | E30: Distance per stretch | F30: Clock Time | G30: Average time Taken (min) | H30: Tier 1 Emissions (kg CO2) (Daily) | I30: Tier 2 Emissions (kg CO2) (Daily) | L30: Mfou-Yaounde: Road Network Stretches | M30: Cummulative distance (Km) | N30: Distance per stretch | O30: Clock Time | P30: Average time Taken (min) | Q30: Tier 1 Emissions (kg CO2) (Daily) | R30: Tier 2 Emissions (kg CO2) (Daily) | U30: Mbankomo-Yaounde: Road Network Stretches | V30: Cummulative distance (Km) | W30: Distance per stretch | X30: Clock Time | Y30: Average time Taken (min) | Z30: Tier 1 Emissions (kg CO2) (Daily) | AA30: Tier 2 Emissions (kg CO2) (Daily)
C31: Soa Centre | D31: 0 | E31: 0 | F31: 7:30 | H31: =D7*D3*'Vehicle Infos'!K10 -> 1661.55 | I31: =$D$7*E31*'Vehicle Infos'!$L$10 -> 0 | L31: Marche Mfou | M31: 0 | N31: 0 | O31: 7:15 | Q31: =F7*F3*'Vehicle Infos'!K21 -> 794.9106 | R31: =$F$7*N31*'Vehicle Infos'!$L$21 -> 0 | U31: Green oil | V31: 0 | W31: 0 | X31: 7:15 | Y31: 0 | Z31: =G7*G3*'Vehicle Infos'!K29 -> 498.96 | AA31: =$G$7*W31*'Vehicle Infos'!$L$29 -> 0
C32: Soa Centre -Vallée vert | D32: 7.5 | E32: 7.5 | F32: 7:37 | G32: 7 | I32: =$D$7*E32*'Vehicle Infos'!$L$10 -> 403.64797 | L32: Marche Mfou - Gare Mfou | M32: 1 | N32: 1 | O32: 7:17 | P32: 2 | R32: =$F$7*N32*'Vehicle Infos'!$L$21 -> 13.818081 | U32: Green oil - Entrée Ngoumou | V32: 3 | W32: 3 | X32: 7:20 | Y32: 5 | AA32: =$G$7*W32*'Vehicle Infos'!$L$29 -> 31.580042
C33: Vallée vert -Petite marché | D33: 8 | E33: 0.5 | F33: 7:40 | G33: 3 | I33: =$D$7*E33*'Vehicle Infos'!$L$10 -> 26.909865 | L33: Gare Mfou - Gustave Eiffel | M33: 2.5 | N33: 1.5 | O33: 7:22 | P33: 5 | R33: =$F$7*N33*'Vehicle Infos'!$L$21 -> 20.727122 | U33: Entrée Ngoumou - Carrefour Nomayos | V33: 5.5 | W33: 2.5 | X33: 7:28 | Y33: 8 | AA33: =$G$7*W33*'Vehicle Infos'!$L$29 -> 26.316701
C34: Petite marché-Eleveur | D34: 9 | E34: 1 | F34: 7:48 | G34: 8 | I34: =$D$7*E34*'Vehicle Infos'!$L$10 -> 53.819729 | L34: Gustave Eiffel - Entrée EP Meyo | M34: 9 | N34: 6.5 | O34: 7:32 | P34: 10 | R34: =$F$7*N34*'Vehicle Infos'!$L$21 -> 89.817527 | U34: Carrefour Nomayos - Entrée CIMENCAM | V34: 7.5 | W34: 2 | X34: 7:40 | Y34: 12 | AA34: =$G$7*W34*'Vehicle Infos'!$L$29 -> 21.053361
C35: Eleveur-Total Ngoussou | D35: 10 | E35: 1 | F35: 7:55 | G35: 7 | I35: =$D$7*E35*'Vehicle Infos'!$L$10 -> 53.819729 | L35: Entrée EP Meyo - Carrefour Nkongoa | M35: 12 | N35: 3 | O35: 7:39 | P35: 7 | R35: =$F$7*N35*'Vehicle Infos'!$L$21 -> 41.454243 | U35: Entrée CIMENCAM - Barrier (Tradex Ahala) | V35: 12 | W35: 4.5 | X35: 8:05 | Y35: 25 | AA35: =$G$7*W35*'Vehicle Infos'!$L$29 -> 47.370062
C36: Total Ngoussou -Mobil Omnisport | D36: 11 | E36: 1 | F36: 8:09 | G36: 14 | I36: =$D$7*E36*'Vehicle Infos'!$L$10 -> 53.819729 | L36: Carrefour Nkongoa - Carrefour Monti | M36: 15.5 | N36: 3.5 | O36: 7:51 | P36: 12 | R36: =$F$7*N36*'Vehicle Infos'!$L$21 -> 48.363284 | U36: Total | W36: =SUM(W32:W35) -> 12 | Y36: =SUM(Y31:Y35) -> 50 | AA36: =$G$7*W36*'Vehicle Infos'!$L$29 -> 126.32017
C37: Mobil Omnisport -Texaco Omnisport | D37: 12 | E37: 1 | F37: 8:16 | G37: 7 | I37: =$D$7*E37*'Vehicle Infos'!$L$10 -> 53.819729 | L37: Carrefour Monti - Hawai Escallier | M37: 18.5 | N37: 3 | O37: 8:06 | P37: 15 | R37: =$F$7*N37*'Vehicle Infos'!$L$21 -> 41.454243
C38: Texaco Omnisport -Total Mfouda | D38: 14 | E38: 2 | F38: 8:25 | G38: 9 | I38: =$D$7*E38*'Vehicle Infos'!$L$10 -> 107.63946 | L38: Total | N38: =SUM(N31:N37) -> 18.5 | P38: =SUM(P32:P37) -> 51 | Q38: =SUM(Q31) -> 794.9106 | R38: =$F$7*N38*'Vehicle Infos'!$L$21 -> 255.6345
C39: Total Mfouda-Mobil Elig-Essono | D39: 14.5 | E39: 0.5 | F39: 8:28 | G39: 3 | I39: =$D$7*E39*'Vehicle Infos'!$L$10 -> 26.909865
C40: Mobil Elig-Essono-Camair | D40: 15 | E40: 0.5 | F40: 8:30 | G40: 2 | I40: =$D$7*E40*'Vehicle Infos'!$L$10 -> 26.909865
C41: Total | E41: 15 | G41: =SUM(G32:G40) -> 60 | H41: =SUM(H31) -> 1661.55 | I41: =$D$7*E41*'Vehicle Infos'!$L$10 -> 807.29594
C44: Tuesday 10:00-15:00 Scenario | L44: Tuesday 10:00-15:00 Scenario | U44: Tuesday 10:00-15:00 Scenario
C45: Soa-Yaounde: Road Network Stretches | D45: Cummulative distance (Km) | E45: Distance per stretch | F45: Clock Time | G45: Average time Taken (min) | H45: Tier 1 Emissions (kg CO2) (Daily) | I45: Tier 2 Emissions (kg CO2) (Daily) | L45: Mfou-Yaounde: Road Network Stretches | M45: Cummulative distance (Km) | N45: Distance per stretch | O45: Clock Time | P45: Average time Taken (min) | Q45: Tier 1 Emissions (kg CO2) (Daily) | R45: Tier 2 Emissions (kg CO2) (Daily) | U45: Mbankomo-Yaounde: Road Network Stretches | V45: Cummulative distance (Km) | W45: Distance per stretch | X45: Clock Time | Y45: Average time Taken (min) | Z45: Tier 1 Emissions (kg CO2) (Daily) | AA45: Tier 2 Emissions (kg CO2) (Daily)
C46: Soa Centre | D46: 0 | E46: 0 | F46: 11:30 | H46: =D8*D3*'Vehicle Infos'!K10 -> 3084.6 | I46: =$D$8*E46*'Vehicle Infos'!$L$10 -> 0 | L46: Marche Mfou | M46: 0 | N46: 0 | O46: 11:00 | Q46: =F8*F3*'Vehicle Infos'!K21 -> 899.5041 | R46: =$F$8*N46*'Vehicle Infos'!$L$21 -> 0 | U46: Green oil | V46: 0 | W46: 0 | X46: 10:00 | Y46: 0 | Z46: =G8*G3*'Vehicle Infos'!K29 -> 475.2 | AA46: =$G$8*W46*'Vehicle Infos'!$L$29 -> 0
C47: Soa Centre -Vallée vert | D47: 7.5 | E47: 7.5 | F47: 11:37 | G47: 7 | I47: =$D$8*E47*'Vehicle Infos'!$L$10 -> 749.35604 | L47: Marche Mfou - Gare Mfou | M47: 1 | N47: 1 | O47: 11:02 | P47: 2 | R47: =$F$8*N47*'Vehicle Infos'!$L$21 -> 15.63625 | U47: Green oil - Entrée Ngoumou | V47: 3 | W47: 3 | X47: 10:05 | Y47: 5 | AA47: =$G$8*W47*'Vehicle Infos'!$L$29 -> 30.07623
C48: Vallée vert -Petite marché | D48: 8 | E48: 0.5 | F48: 11:39 | G48: 2 | I48: =$D$8*E48*'Vehicle Infos'!$L$10 -> 49.957069 | L48: Gare Mfou - Gustave Eiffel | M48: 2.5 | N48: 1.5 | O48: 11:06 | P48: 4 | R48: =$F$8*N48*'Vehicle Infos'!$L$21 -> 23.454375 | U48: Entrée Ngoumou - Carrefour Nomayos | V48: 5.5 | W48: 2.5 | X48: 10:11 | Y48: 6 | AA48: =$G$8*W48*'Vehicle Infos'!$L$29 -> 25.063525
C49: Petite marché-Eleveur | D49: 9 | E49: 1 | F49: 11:42 | G49: 3 | I49: =$D$8*E49*'Vehicle Infos'!$L$10 -> 99.914139 | L49: Gustave Eiffel - Entrée EP Meyo | M49: 9 | N49: 6.5 | O49: 11:16 | P49: 10 | R49: =$F$8*N49*'Vehicle Infos'!$L$21 -> 101.63562 | U49: Carrefour Nomayos - Entrée CIMENCAM | V49: 7.5 | W49: 2 | X49: 10:19 | Y49: 8 | AA49: =$G$8*W49*'Vehicle Infos'!$L$29 -> 20.05082
C50: Eleveur-Total Ngoussou | D50: 10 | E50: 1 | F50: 11:45 | G50: 3 | I50: =$D$8*E50*'Vehicle Infos'!$L$10 -> 99.914139 | L50: Entrée EP Meyo - Carrefour Nkongoa | M50: 12 | N50: 3 | O50: 11:21 | P50: 5 | R50: =$F$8*N50*'Vehicle Infos'!$L$21 -> 46.908749 | U50: Entrée CIMENCAM - Barrier (Tradex Ahala) | V50: 12 | W50: 4.5 | X50: 10:34 | Y50: 15 | AA50: =$G$8*W50*'Vehicle Infos'!$L$29 -> 45.114345
C51: Total Ngoussou -Mobil Omnisport | D51: 11 | E51: 1 | F51: 11:54 | G51: 9 | I51: =$D$8*E51*'Vehicle Infos'!$L$10 -> 99.914139 | L51: Carrefour Nkongoa - Carrefour Monti | M51: 15.5 | N51: 3.5 | O51: 11:26 | P51: 5 | R51: =$F$8*N51*'Vehicle Infos'!$L$21 -> 54.726874 | U51: Total | W51: =SUM(W46:W50) -> 12 | Y51: =SUM(Y46:Y50) -> 34 | AA51: =$G$8*W51*'Vehicle Infos'!$L$29 -> 120.30492
C52: Mobil Omnisport -Texaco Omnisport | D52: 12 | E52: 1 | F52: 11:58 | G52: 4 | I52: =$D$8*E52*'Vehicle Infos'!$L$10 -> 99.914139 | L52: Carrefour Monti - Hawai Escallier | M52: 18.5 | N52: 3 | O52: 11:31 | P52: 5 | R52: =$F$8*N52*'Vehicle Infos'!$L$21 -> 46.908749
C53: Texaco Omnisport -Total Mfouda | D53: 14 | E53: 2 | F53: 12:02 | G53: 4 | I53: =$D$8*E53*'Vehicle Infos'!$L$10 -> 199.82828 | L53: Total | N53: =SUM(N46:N52) -> 18.5 | P53: =SUM(P47:P52) -> 31 | Q53: =SUM(Q46) -> 899.5041 | R53: =$F$8*N53*'Vehicle Infos'!$L$21 -> 289.27062
C54: Total Mfouda-Mobil Elig-Essono | D54: 14.5 | E54: 0.5 | F54: 12:04 | G54: 2 | I54: =$D$8*E54*'Vehicle Infos'!$L$10 -> 49.957069
C55: Mobil Elig-Essono-Camair | D55: 15 | E55: 0.5 | F55: 12:05 | G55: 1 | I55: =$D$8*E55*'Vehicle Infos'!$L$10 -> 49.957069
C56: Total | E56: 15 | G56: =SUM(G47:G55) -> 35 | H56: =SUM(H46) -> 3084.6 | I56: =$D$8*E56*'Vehicle Infos'!$L$10 -> 1498.7121
C59: Tuesday 15:00-19:00 Scenario | L59: Tuesday 15:00-19:00 Scenario | U59: Tuesday 15:00-19:00 Scenario
C60: Soa-Yaounde: Road Network Stretches | D60: Cummulative distance (Km) | E60: Distance per stretch | F60: Clock Time | G60: Average time Taken (min) | H60: Tier 1 Emissions (kg CO2) (Daily) | I60: Tier 2 Emissions (kg CO2) (Daily) | L60: Mfou-Yaounde: Road Network Stretches | M60: Cummulative distance (Km) | N60: Distance per stretch | O60: Clock Time | P60: Average time Taken (min) | Q60: Tier 1 Emissions (kg CO2) (Daily) | R60: Tier 2 Emissions (kg CO2) (Daily) | U60: Mbankomo-Yaounde: Road Network Stretches | V60: Cummulative distance (Km) | W60: Distance per stretch | X60: Clock Time | Y60: Average time Taken (min) | Z60: Tier 1 Emissions (kg CO2) (Daily) | AA60: Tier 2 Emissions (kg CO2) (Daily)
C61: Soa Centre | D61: 0 | E61: 0 | F61: 15:30 | H61: =D9*D3*'Vehicle Infos'!K10 -> 1685.4 | I61: =$D$9*E61*'Vehicle Infos'!$L$10 -> 0 | L61: Marche Mfou | M61: 0 | N61: 0 | O61: 15:30 | Q61: =F9*F3*'Vehicle Infos'!K21 -> 889.04475 | R61: =$F$9*N61*'Vehicle Infos'!$L$21 -> 0 | U61: Green oil | V61: 0 | W61: 0 | X61: 15:00 | Y61: 0 | Z61: =G9*G3*'Vehicle Infos'!K29 -> 308.88 | AA61: =$G$9*W61*'Vehicle Infos'!$L$29 -> 0
C62: Soa Centre -Vallée vert | D62: 7.5 | E62: 7.5 | F62: 15:37 | G62: 7 | I62: =$D$9*E62*'Vehicle Infos'!$L$10 -> 409.44196 | L62: Marche Mfou - Gare Mfou | M62: 1 | N62: 1 | O62: 15:32 | P62: 2 | R62: =$F$9*N62*'Vehicle Infos'!$L$21 -> 15.454433 | U62: Green oil - Entrée Ngoumou | V62: 3 | W62: 3 | X62: 15:06 | Y62: 6 | AA62: =$G$9*W62*'Vehicle Infos'!$L$29 -> 19.54955
C63: Vallée vert -Petite marché | D63: 8 | E63: 0.5 | F63: 15:43 | G63: 6 | I63: =$D$9*E63*'Vehicle Infos'!$L$10 -> 27.296131 | L63: Gare Mfou - Gustave Eiffel | M63: 2.5 | N63: 1.5 | O63: 15:38 | P63: 6 | R63: =$F$9*N63*'Vehicle Infos'!$L$21 -> 23.181649 | U63: Entrée Ngoumou - Carrefour Nomayos | V63: 5.5 | W63: 2.5 | X63: 15:15 | Y63: 9 | AA63: =$G$9*W63*'Vehicle Infos'!$L$29 -> 16.291291
C64: Petite marché-Eleveur | D64: 9 | E64: 1 | F64: 15:50 | G64: 7 | I64: =$D$9*E64*'Vehicle Infos'!$L$10 -> 54.592261 | L64: Gustave Eiffel - Entrée EP Meyo | M64: 9 | N64: 6.5 | O64: 15:47 | P64: 9 | R64: =$F$9*N64*'Vehicle Infos'!$L$21 -> 100.45381 | U64: Carrefour Nomayos - Entrée CIMENCAM | V64: 7.5 | W64: 2 | X64: 15:29 | Y64: 14 | AA64: =$G$9*W64*'Vehicle Infos'!$L$29 -> 13.033033
C65: Eleveur-Total Ngoussou | D65: 10 | E65: 1 | F65: 15:58 | G65: 8 | I65: =$D$9*E65*'Vehicle Infos'!$L$10 -> 54.592261 | L65: Entrée EP Meyo - Carrefour Nkongoa | M65: 12 | N65: 3 | O65: 15:54 | P65: 7 | R65: =$F$9*N65*'Vehicle Infos'!$L$21 -> 46.363299 | U65: Entrée CIMENCAM - Barrier (Tradex Ahala) | V65: 12 | W65: 4.5 | X65: 15:58 | Y65: 29 | AA65: =$G$9*W65*'Vehicle Infos'!$L$29 -> 29.324324
C66: Total Ngoussou -Mobil Omnisport | D66: 11 | E66: 1 | F66: 16:11 | G66: 13 | I66: =$D$9*E66*'Vehicle Infos'!$L$10 -> 54.592261 | L66: Carrefour Nkongoa - Carrefour Monti | M66: 15.5 | N66: 3.5 | O66: 16:02 | P66: 8 | R66: =$F$9*N66*'Vehicle Infos'!$L$21 -> 54.090515 | U66: Total | W66: =SUM(W61:W65) -> 12 | Y66: =SUM(Y61:Y65) -> 58 | AA66: =$G$9*W66*'Vehicle Infos'!$L$29 -> 78.198198
C67: Mobil Omnisport -Texaco Omnisport | D67: 12 | E67: 1 | F67: 16:17 | G67: 6 | I67: =$D$9*E67*'Vehicle Infos'!$L$10 -> 54.592261 | L67: Carrefour Monti - Hawai Escallier | M67: 18.5 | N67: 3 | O67: 16:11 | P67: 9 | R67: =$F$9*N67*'Vehicle Infos'!$L$21 -> 46.363299
C68: Texaco Omnisport -Total Mfouda | D68: 14 | E68: 2 | F68: 16:27 | G68: 10 | I68: =$D$9*E68*'Vehicle Infos'!$L$10 -> 109.18452 | L68: Total | N68: =SUM(N61:N67) -> 18.5 | P68: =SUM(P62:P67) -> 41 | Q68: =SUM(Q61) -> 889.04475 | R68: =$F$9*N68*'Vehicle Infos'!$L$21 -> 285.90701
C69: Total Mfouda-Mobil Elig-Essono | D69: 14.5 | E69: 0.5 | F69: 16:30 | G69: 3 | I69: =$D$9*E69*'Vehicle Infos'!$L$10 -> 27.296131
C70: Mobil Elig-Essono-Camair | D70: 15 | E70: 0.5 | F70: 16:33 | G70: 3 | I70: =$D$9*E70*'Vehicle Infos'!$L$10 -> 27.296131
C71: Total | E71: 15 | G71: =SUM(G62:G70) -> 63 | H71: =SUM(H61) -> 1685.4 | I71: =$D$9*E71*'Vehicle Infos'!$L$10 -> 818.88392
C74: Tuesday 19:00-22:00 Scenario | L74: Tuesday 19:00-22:00 Scenario | U74: Tuesday 19:00-22:00 Scenario
C75: Soa-Yaounde: Road Network Stretches | D75: Cummulative distance (Km) | E75: Distance per stretch | F75: Clock Time | G75: Average time Taken (min) | H75: Tier 1 Emissions (kg CO2) (Daily) | I75: Tier 2 Emissions (kg CO2) (Daily) | L75: Mfou-Yaounde: Road Network Stretches | M75: Cummulative distance (Km) | N75: Distance per stretch | O75: Clock Time | P75: Average time Taken (min) | Q75: Tier 1 Emissions (kg CO2) (Daily) | R75: Tier 2 Emissions (kg CO2) (Daily) | U75: Mbankomo-Yaounde: Road Network Stretches | V75: Cummulative distance (Km) | W75: Distance per stretch | X75: Clock Time | Y75: Average time Taken (min) | Z75: Tier 1 Emissions (kg CO2) (Daily) | AA75: Tier 2 Emissions (kg CO2) (Daily)
C76: Soa Centre | D76: 0 | E76: 0 | F76: 19:34 | H76: =D10*D3*'Vehicle Infos'!K10 -> 1470.75 | I76: =$D$10*E76*'Vehicle Infos'!$L$10 -> 0 | L76: Marche Mfou | M76: 0 | N76: 0 | O76: 19:00 | Q76: =F10*F3*'Vehicle Infos'!K21 -> 355.6179 | R76: =$F$10*N76*'Vehicle Infos'!$L$21 -> 0 | U76: Green oil | V76: 0 | W76: 0 | X76: 19:00 | Y76: 0 | Z76: =G10*G3*'Vehicle Infos'!K29 -> 253.44 | AA76: =$G$10*W76*'Vehicle Infos'!$L$29 -> 0
C77: Soa Centre -Vallée vert | D77: 7.5 | E77: 7.5 | F77: 19:41 | G77: 7 | I77: =$D$10*E77*'Vehicle Infos'!$L$10 -> 357.29605 | L77: Marche Mfou - Gare Mfou | M77: 1 | N77: 1 | O77: 19:02 | P77: 2 | R77: =$F$10*N77*'Vehicle Infos'!$L$21 -> 6.1817731 | U77: Green oil - Entrée Ngoumou | V77: 3 | W77: 3 | X77: 19:05 | Y77: 5 | AA77: =$G$10*W77*'Vehicle Infos'!$L$29 -> 16.040656
C78: Vallée vert -Petite marché | D78: 8 | E78: 0.5 | F78: 19:46 | G78: 5 | I78: =$D$10*E78*'Vehicle Infos'!$L$10 -> 23.819737 | L78: Gare Mfou - Gustave Eiffel | M78: 2.5 | N78: 1.5 | O78: 19:06 | P78: 4 | R78: =$F$10*N78*'Vehicle Infos'!$L$21 -> 9.2726597 | U78: Entrée Ngoumou - Carrefour Nomayos | V78: 5.5 | W78: 2.5 | X78: 19:12 | Y78: 7 | AA78: =$G$10*W78*'Vehicle Infos'!$L$29 -> 13.367213
C79: Petite marché-Eleveur | D79: 9 | E79: 1 | F79: 19:52 | G79: 6 | I79: =$D$10*E79*'Vehicle Infos'!$L$10 -> 47.639473 | L79: Gustave Eiffel - Entrée EP Meyo | M79: 9 | N79: 6.5 | O79: 19:16 | P79: 10 | R79: =$F$10*N79*'Vehicle Infos'!$L$21 -> 40.181525 | U79: Carrefour Nomayos - Entrée CIMENCAM | V79: 7.5 | W79: 2 | X79: 19:20 | Y79: 8 | AA79: =$G$10*W79*'Vehicle Infos'!$L$29 -> 10.693771
C80: Eleveur-Total Ngoussou | D80: 10 | E80: 1 | F80: 19:57 | G80: 5 | I80: =$D$10*E80*'Vehicle Infos'!$L$10 -> 47.639473 | L80: Entrée EP Meyo - Carrefour Nkongoa | M80: 12 | N80: 3 | O80: 19:21 | P80: 5 | R80: =$F$10*N80*'Vehicle Infos'!$L$21 -> 18.545319 | U80: Entrée CIMENCAM - Barrier (Tradex Ahala) | V80: 12 | W80: 4.5 | X80: 19:42 | Y80: 22 | AA80: =$G$10*W80*'Vehicle Infos'!$L$29 -> 24.060984
C81: Total Ngoussou -Mobil Omnisport | D81: 11 | E81: 1 | F81: 20:09 | G81: 12 | I81: =$D$10*E81*'Vehicle Infos'!$L$10 -> 47.639473 | L81: Carrefour Nkongoa - Carrefour Monti | M81: 15.5 | N81: 3.5 | O81: 19:28 | P81: 7 | R81: =$F$10*N81*'Vehicle Infos'!$L$21 -> 21.636206 | U81: Total | W81: =SUM(W76:W80) -> 12 | Y81: =SUM(Y76:Y80) -> 42 | AA81: =$G$10*W81*'Vehicle Infos'!$L$29 -> 64.162624
C82: Mobil Omnisport -Texaco Omnisport | D82: 12 | E82: 1 | F82: 20:14 | G82: 5 | I82: =$D$10*E82*'Vehicle Infos'!$L$10 -> 47.639473 | L82: Carrefour Monti - Hawai Escallier | M82: 18.5 | N82: 3 | O82: 19:34 | P82: 6 | R82: =$F$10*N82*'Vehicle Infos'!$L$21 -> 18.545319
C83: Texaco Omnisport -Total Mfouda | D83: 14 | E83: 2 | F83: 20:22 | G83: 8 | I83: =$D$10*E83*'Vehicle Infos'!$L$10 -> 95.278947 | L83: Total | N83: =SUM(N76:N82) -> 18.5 | P83: =SUM(P77:P82) -> 34 | Q83: =SUM(Q76) -> 355.6179 | R83: =$F$10*N83*'Vehicle Infos'!$L$21 -> 114.3628
C84: Total Mfouda-Mobil Elig-Essono | D84: 14.5 | E84: 0.5 | F84: 20:24 | G84: 2 | I84: =$D$10*E84*'Vehicle Infos'!$L$10 -> 23.819737
C85: Mobil Elig-Essono-Camair | D85: 15 | E85: 0.5 | F85: 20:25 | G85: 1 | I85: =$D$10*E85*'Vehicle Infos'!$L$10 -> 23.819737
C86: Total | E86: 15 | G86: =SUM(G77:G85) -> 51 | H86: =SUM(H76) -> 1470.75 | I86: =$D$10*E86*'Vehicle Infos'!$L$10 -> 714.5921

Sheet Wednesday Est.
B2: Wednesday Tailpipe Emissions | D2: Soa | F2: Mfou | G2: Mbankomo
B3: Fuel consumed on total stretch | C3: Toyota | D3: 2.5 | F3: 3.3 | G3: 2.5 | H3: litres
C4: Mercedes | D4: 3 | H4: litres
B5: Number of buses | C5: Time frame | D5: Number of Vehicles
C6: 06:00 - 07:00 | D6: =36+14 -> 50 | F6: 17 | G6: 11
C7: 07:00 - 10:00 | D7: =142+69 -> 211 | F7: 77 | G7: 64
C8: 10:00 - 15:00 | D8: =202+142 -> 344 | F8: 87 | G8: 56
C9: 15:00 - 19:00 | D9: =111+82 -> 193 | F9: 84 | G9: 33
C10: 19:00 - 22:00 | D10: =113+66 -> 179 | F10: 31 | G10: 31
C11: Number of days in a year | D11: 365
C14: Wednesday 6:00-7:00 Scenario | H14: Daily Tail Pipe Emissions | L14: Wednesday 6:00-7:00 Scenario | U14: Wednesday 6:00-7:00 Scenario | AD14: Annual Tailpipe Emissions in kg CO2 (Tier 1)
C15: Soa-Yaounde: Road Network Stretches | D15: Cummulative distance (Km) | E15: Distance per stretch | F15: Clock Time | G15: Average time Taken (min) | H15: Tier 1 Emissions (kg CO2) (Daily) | I15: Tier 2 Emissions (kg CO2) (Daily) | L15: Mfou-Yaounde: Road Network Stretches | M15: Cummulative distance (Km) | N15: Distance per stretch | O15: Clock Time | P15: Average time Taken (min) | Q15: Tier 1 Emissions (kg CO2) (Daily) | R15: Tier 2 Emissions (kg CO2) (Daily) | U15: Mbankomo-Yaounde: Road Network Stretches | V15: Cummulative distance (Km) | W15: Distance per stretch | X15: Clock Time | Y15: Average time Taken (min) | Z15: Tier 1 Emissions (kg CO2) (Daily) | AA15: Tier 2 Emissions (kg CO2) (Daily) | AF15: 6:00 - 7:00 | AG15: 7:00 - 10:00 | AH15: 10:00 - 15:00 | AI15: 15:00 - 19:00 | AJ15: 19:00 - 22:00 | AK15: TOTAL
C16: Soa Centre | D16: 0 | E16: 0 | F16: 6:00 | G16: 0 | H16: =D6*D3*'Vehicle Infos'!K10 -> 397.5 | I16: =$D$6*E16*'Vehicle Infos'!$L$10 -> 0 | L16: Marche Mfou | M16: 0 | N16: 0 | O16: 6:00 | P16: 0 | Q16: =F6*F3*'Vehicle Infos'!K21 -> 177.80895 | R16: =$F$6*N16*'Vehicle Infos'!$L$21 -> 0 | U16: Green oil | V16: 0 | W16: 0 | X16: 6:00 | Y16: 0 | Z16: =G6*G3*'Vehicle Infos'!K29 -> 87.12 | AA16: =$G$6*W16*'Vehicle Infos'!$L$29 -> 0 | AD16: Wednesday | AE16: Soa | AF16: =SUM(H16:H25)*D11 -> 145087.5 | AG16: =SUM(H31:H40)*D11 -> 612269.25 | AH16: =SUM(H46:H55)*D11 -> 998202 | AI16: =SUM(H61:H70)*D11 -> 560037.75 | AJ16: =SUM(H76:H85)*D11 -> 519413.25 | AK16: =SUM(AF16:AJ16) -> 2835009.8
C17: Soa Centre -Vallée vert | D17: 7.5 | E17: 7.5 | F17: 6:07 | G17: 7 | I17: =$D$6*E17*'Vehicle Infos'!$L$10 -> 96.5665 | L17: Marche Mfou - Gare Mfou | M17: 1 | N17: 1 | O17: 6:02 | P17: 2 | R17: =$F$6*N17*'Vehicle Infos'!$L$21 -> 3.0908866 | U17: Green oil - Entrée Ngoumou | V17: 3 | W17: 3 | X17: 6:05 | Y17: 5 | AA17: =$G$6*W17*'Vehicle Infos'!$L$29 -> 5.5139755 | AE17: Mfou
C18: Vallée vert -Petite marché | D18: 8 | E18: 0.5 | F18: 6:10 | G18: 3 | I18: =$D$6*E18*'Vehicle Infos'!$L$10 -> 6.4377667 | L18: Gare Mfou - Gustave Eiffel | M18: 2.5 | N18: 1.5 | O18: 6:07 | P18: 5 | R18: =$F$6*N18*'Vehicle Infos'!$L$21 -> 4.6363299 | U18: Entrée Ngoumou - Carrefour Nomayos | V18: 5.5 | W18: 2.5 | X18: 6:11 | Y18: 6 | AA18: =$G$6*W18*'Vehicle Infos'!$L$29 -> 4.5949796 | AE18: Mbankomo
C19: Petite marché-Eleveur | D19: 9 | E19: 1 | F19: 6:14 | G19: 4 | I19: =$D$6*E19*'Vehicle Infos'!$L$10 -> 12.875533 | L19: Gustave Eiffel - Entrée EP Meyo | M19: 9 | N19: 6.5 | O19: 6:16 | P19: 9 | R19: =$F$6*N19*'Vehicle Infos'!$L$21 -> 20.090763 | U19: Carrefour Nomayos - Entrée CIMENCAM | V19: 7.5 | W19: 2 | X19: 6:19 | Y19: 8 | AA19: =$G$6*W19*'Vehicle Infos'!$L$29 -> 3.6759837
C20: Eleveur-Total Ngoussou | D20: 10 | E20: 1 | F20: 6:18 | G20: 4 | I20: =$D$6*E20*'Vehicle Infos'!$L$10 -> 12.875533 | L20: Entrée EP Meyo - Carrefour Nkongoa | M20: 12 | N20: 3 | O20: 6:20 | P20: 4 | R20: =$F$6*N20*'Vehicle Infos'!$L$21 -> 9.2726597 | U20: Entrée CIMENCAM - Barrier (Tradex Ahala) | V20: 12 | W20: 4.5 | X20: 6:34 | Y20: 15 | AA20: =$G$6*W20*'Vehicle Infos'!$L$29 -> 8.2709633
C21: Total Ngoussou -Mobil Omnisport | D21: 11 | E21: 1 | F21: 6:24 | G21: 6 | I21: =$D$6*E21*'Vehicle Infos'!$L$10 -> 12.875533 | L21: Carrefour Nkongoa - Carrefour Monti | M21: 15.5 | N21: 3.5 | O21: 6:25 | P21: 5 | R21: =$F$6*N21*'Vehicle Infos'!$L$21 -> 10.818103 | U21: Total | W21: =SUM(W16:W20) -> 12 | Y21: =SUM(Y16:Y20) -> 34 | AA21: =$G$6*W21*'Vehicle Infos'!$L$29 -> 22.055902
C22: Mobil Omnisport -Texaco Omnisport | D22: 12 | E22: 1 | F22: 6:28 | G22: 4 | I22: =$D$6*E22*'Vehicle Infos'!$L$10 -> 12.875533 | L22: Carrefour Monti - Hawai Escallier | M22: 18.5 | N22: 3 | O22: 6:31 | P22: 6 | R22: =$F$6*N22*'Vehicle Infos'!$L$21 -> 9.2726597
C23: Texaco Omnisport -Total Mfouda | D23: 14 | E23: 2 | F23: 6:33 | G23: 5 | I23: =$D$6*E23*'Vehicle Infos'!$L$10 -> 25.751067 | L23: Total | N23: =SUM(N16:N22) -> 18.5 | P23: =SUM(P17:P22) -> 31 | R23: =$F$6*N23*'Vehicle Infos'!$L$21 -> 57.181402
C24: Total Mfouda-Mobil Elig-Essono | D24: 14.5 | E24: 0.5 | F24: 6:36 | G24: 3 | I24: =$D$6*E24*'Vehicle Infos'!$L$10 -> 6.4377667
C25: Mobil Elig-Essono-Camair | D25: 15 | E25: 0.5 | F25: 6:37 | G25: 1 | I25: =$D$6*E25*'Vehicle Infos'!$L$10 -> 6.4377667
C26: Total | E26: 15 | G26: =SUM(G17:G25) -> 37 | I26: =$D$6*E26*'Vehicle Infos'!$L$10 -> 193.133
C29: Wednesday 7:00-10:00 Scenario | L29: Wednesday 7:00-10:00 Scenario | U29: Wednesday 7:00-10:00 Scenario
C30: Soa-Yaounde: Road Network Stretches | D30: Cummulative distance (Km) | E30: Distance per stretch | F30: Clock Time | G30: Average time Taken (min) | H30: Tier 1 Emissions (kg CO2) (Daily) | I30: Tier 2 Emissions (kg CO2) (Daily) | L30: Mfou-Yaounde: Road Network Stretches | M30: Cummulative distance (Km) | N30: Distance per stretch | O30: Clock Time | P30: Average time Taken (min) | Q30: Tier 1 Emissions (kg CO2) (Daily) | R30: Tier 2 Emissions (kg CO2) (Daily) | U30: Mbankomo-Yaounde: Road Network Stretches | V30: Cummulative distance (Km) | W30: Distance per stretch | X30: Clock Time | Y30: Average time Taken (min) | Z30: Tier 1 Emissions (kg CO2) (Daily) | AA30: Tier 2 Emissions (kg CO2) (Daily)
C31: Soa Centre | D31: 0 | E31: 0 | F31: 7:30 | H31: =D7*D3*'Vehicle Infos'!K10 -> 1677.45 | I31: =$D$7*E31*'Vehicle Infos'!$L$10 -> 0 | L31: Marche Mfou | M31: 0 | N31: 0 | O31: 7:00 | P31: 0 | Q31: =F7*F3*'Vehicle Infos'!K21 -> 805.36995 | R31: =$F$7*N31*'Vehicle Infos'!$L$21 -> 0 | U31: Green oil | V31: 0 | W31: 0 | X31: 7:00 | Y31: 0 | Z31: =G7*G3*'Vehicle Infos'!K29 -> 506.88 | AA31: =$G$7*W31*'Vehicle Infos'!$L$29 -> 0
C32: Soa Centre -Vallée vert | D32: 7.5 | E32: 7.5 | F32: 7:37 | G32: 7 | I32: =$D$7*E32*'Vehicle Infos'!$L$10 -> 407.51063 | L32: Marche Mfou - Gare Mfou | M32: 1 | N32: 1 | O32: 7:02 | P32: 2 | R32: =$F$7*N32*'Vehicle Infos'!$L$21 -> 13.999898 | U32: Green oil - Entrée Ngoumou | V32: 3 | W32: 3 | X32: 7:05 | Y32: 5 | AA32: =$G$7*W32*'Vehicle Infos'!$L$29 -> 32.081312
C33: Vallée vert -Petite marché | D33: 8 | E33: 0.5 | F33: 7:40 | G33: 3 | I33: =$D$7*E33*'Vehicle Infos'!$L$10 -> 27.167375 | L33: Gare Mfou - Gustave Eiffel | M33: 2.5 | N33: 1.5 | O33: 7:08 | P33: 6 | R33: =$F$7*N33*'Vehicle Infos'!$L$21 -> 20.999847 | U33: Entrée Ngoumou - Carrefour Nomayos | V33: 5.5 | W33: 2.5 | X33: 7:13 | Y33: 8 | AA33: =$G$7*W33*'Vehicle Infos'!$L$29 -> 26.734427
C34: Petite marché-Eleveur | D34: 9 | E34: 1 | F34: 7:48 | G34: 8 | I34: =$D$7*E34*'Vehicle Infos'!$L$10 -> 54.334751 | L34: Gustave Eiffel - Entrée EP Meyo | M34: 9 | N34: 6.5 | O34: 7:17 | P34: 9 | R34: =$F$7*N34*'Vehicle Infos'!$L$21 -> 90.999337 | U34: Carrefour Nomayos - Entrée CIMENCAM | V34: 7.5 | W34: 2 | X34: 7:24 | Y34: 11 | AA34: =$G$7*W34*'Vehicle Infos'!$L$29 -> 21.387541
C35: Eleveur-Total Ngoussou | D35: 10 | E35: 1 | F35: 7:55 | G35: 7 | I35: =$D$7*E35*'Vehicle Infos'!$L$10 -> 54.334751 | L35: Entrée EP Meyo - Carrefour Nkongoa | M35: 12 | N35: 3 | O35: 7:23 | P35: 6 | R35: =$F$7*N35*'Vehicle Infos'!$L$21 -> 41.999694 | U35: Entrée CIMENCAM - Barrier (Tradex Ahala) | V35: 12 | W35: 4.5 | X35: 7:50 | Y35: 26 | AA35: =$G$7*W35*'Vehicle Infos'!$L$29 -> 48.121968
C36: Total Ngoussou -Mobil Omnisport | D36: 11 | E36: 1 | F36: 8:08 | G36: 13 | I36: =$D$7*E36*'Vehicle Infos'!$L$10 -> 54.334751 | L36: Carrefour Nkongoa - Carrefour Monti | M36: 15.5 | N36: 3.5 | O36: 7:31 | P36: 8 | R36: =$F$7*N36*'Vehicle Infos'!$L$21 -> 48.999643 | U36: Total | W36: =SUM(W31:W35) -> 12 | Y36: =SUM(Y31:Y35) -> 50 | AA36: =$G$7*W36*'Vehicle Infos'!$L$29 -> 128.32525
C37: Mobil Omnisport -Texaco Omnisport | D37: 12 | E37: 1 | F37: 8:14 | G37: 6 | I37: =$D$7*E37*'Vehicle Infos'!$L$10 -> 54.334751 | L37: Carrefour Monti - Hawai Escallier | M37: 18.5 | N37: 3 | O37: 7:40 | P37: 9 | R37: =$F$7*N37*'Vehicle Infos'!$L$21 -> 41.999694
C38: Texaco Omnisport -Total Mfouda | D38: 14 | E38: 2 | F38: 8:25 | G38: 11 | I38: =$D$7*E38*'Vehicle Infos'!$L$10 -> 108.6695 | L38: Total | N38: =SUM(N31:N37) -> 18.5 | P38: =SUM(P32:P37) -> 40 | R38: =$F$7*N38*'Vehicle Infos'!$L$21 -> 258.99811
C39: Total Mfouda-Mobil Elig-Essono | D39: 14.5 | E39: 0.5 | F39: 8:28 | G39: 3 | I39: =$D$7*E39*'Vehicle Infos'!$L$10 -> 27.167375
C40: Mobil Elig-Essono-Camair | D40: 15 | E40: 0.5 | F40: 8:30 | G40: 2 | I40: =$D$7*E40*'Vehicle Infos'!$L$10 -> 27.167375
C41: Total | E41: 15 | G41: =SUM(G32:G40) -> 60 | I41: =$D$7*E41*'Vehicle Infos'!$L$10 -> 815.02126
C44: Wednesday 10:00-15:00 Scenario | L44: Wednesday 10:00-15:00 Scenario | U44: Wednesday 10:00-15:00 Scenario
C45: Soa-Yaounde: Road Network Stretches | D45: Cummulative distance (Km) | E45: Distance per stretch | F45: Clock Time | G45: Average time Taken (min) | H45: Tier 1 Emissions (kg CO2) (Daily) | I45: Tier 2 Emissions (kg CO2) (Daily) | L45: Mfou-Yaounde: Road Network Stretches | M45: Cummulative distance (Km) | N45: Distance per stretch | O45: Clock Time | P45: Average time Taken (min) | Q45: Tier 1 Emissions (kg CO2) (Daily) | R45: Tier 2 Emissions (kg CO2) (Daily) | U45: Mbankomo-Yaounde: Road Network Stretches | V45: Cummulative distance (Km) | W45: Distance per stretch | X45: Clock Time | Y45: Average time Taken (min) | Z45: Tier 1 Emissions (kg CO2) (Daily) | AA45: Tier 2 Emissions (kg CO2) (Daily)
C46: Soa Centre | D46: 0 | E46: 0 | F46: 11:30 | H46: =D8*D3*'Vehicle Infos'!K10 -> 2734.8 | I46: =$D$8*E46*'Vehicle Infos'!$L$10 -> 0 | L46: Marche Mfou | M46: 0 | N46: 0 | O46: 10:00 | Q46: =F8*F3*'Vehicle Infos'!K21 -> 909.96345 | R46: =$F$8*N46*'Vehicle Infos'!$L$21 -> 0 | U46: Green oil | V46: 0 | W46: 0 | X46: 10:00 | Y46: 0 | Z46: =G8*G3*'Vehicle Infos'!K29 -> 443.52 | AA46: =$G$8*W46*'Vehicle Infos'!$L$29 -> 0
C47: Soa Centre -Vallée vert | D47: 7.5 | E47: 7.5 | F47: 11:37 | G47: 7 | I47: =$D$8*E47*'Vehicle Infos'!$L$10 -> 664.37752 | L47: Marche Mfou - Gare Mfou | M47: 1 | N47: 1 | O47: 10:02 | P47: 2 | R47: =$F$8*N47*'Vehicle Infos'!$L$21 -> 15.818067 | U47: Green oil - Entrée Ngoumou | V47: 3 | W47: 3 | X47: 10:05 | Y47: 5 | AA47: =$G$8*W47*'Vehicle Infos'!$L$29 -> 28.071148
C48: Vallée vert -Petite marché | D48: 8 | E48: 0.5 | F48: 11:39 | G48: 2 | I48: =$D$8*E48*'Vehicle Infos'!$L$10 -> 44.291835 | L48: Gare Mfou - Gustave Eiffel | M48: 2.5 | N48: 1.5 | O48: 10:06 | P48: 4 | R48: =$F$8*N48*'Vehicle Infos'!$L$21 -> 23.7271 | U48: Entrée Ngoumou - Carrefour Nomayos | V48: 5.5 | W48: 2.5 | X48: 10:12 | Y48: 7 | AA48: =$G$8*W48*'Vehicle Infos'!$L$29 -> 23.392623
C49: Petite marché-Eleveur | D49: 9 | E49: 1 | F49: 11:42 | G49: 3 | I49: =$D$8*E49*'Vehicle Infos'!$L$10 -> 88.583669 | L49: Gustave Eiffel - Entrée EP Meyo | M49: 9 | N49: 6.5 | O49: 10:15 | P49: 9 | R49: =$F$8*N49*'Vehicle Infos'!$L$21 -> 102.81743 | U49: Carrefour Nomayos - Entrée CIMENCAM | V49: 7.5 | W49: 2 | X49: 10:21 | Y49: 9 | AA49: =$G$8*W49*'Vehicle Infos'!$L$29 -> 18.714099
C50: Eleveur-Total Ngoussou | D50: 10 | E50: 1 | F50: 11:45 | G50: 3 | I50: =$D$8*E50*'Vehicle Infos'!$L$10 -> 88.583669 | L50: Entrée EP Meyo - Carrefour Nkongoa | M50: 12 | N50: 3 | O50: 10:19 | P50: 4 | R50: =$F$8*N50*'Vehicle Infos'!$L$21 -> 47.4542 | U50: Entrée CIMENCAM - Barrier (Tradex Ahala) | V50: 12 | W50: 4.5 | X50: 10:34 | Y50: 13 | AA50: =$G$8*W50*'Vehicle Infos'!$L$29 -> 42.106722
C51: Total Ngoussou -Mobil Omnisport | D51: 11 | E51: 1 | F51: 12:02 | G51: 7 | I51: =$D$8*E51*'Vehicle Infos'!$L$10 -> 88.583669 | L51: Carrefour Nkongoa - Carrefour Monti | M51: 15.5 | N51: 3.5 | O51: 10:24 | P51: 5 | R51: =$F$8*N51*'Vehicle Infos'!$L$21 -> 55.363233 | U51: Total | W51: =SUM(W46:W50) -> 12 | Y51: =SUM(Y46:Y50) -> 34 | AA51: =$G$8*W51*'Vehicle Infos'!$L$29 -> 112.28459
C52: Mobil Omnisport -Texaco Omnisport | D52: 12 | E52: 1 | F52: 12:06 | G52: 4 | I52: =$D$8*E52*'Vehicle Infos'!$L$10 -> 88.583669 | L52: Carrefour Monti - Hawai Escallier | M52: 18.5 | N52: 3 | O52: 10:30 | P52: 6 | R52: =$F$8*N52*'Vehicle Infos'!$L$21 -> 47.4542
C53: Texaco Omnisport -Total Mfouda | D53: 14 | E53: 2 | F53: 12:11 | G53: 5 | I53: =$D$8*E53*'Vehicle Infos'!$L$10 -> 177.16734 | L53: Total | N53: =SUM(N46:N52) -> 18.5 | P53: =SUM(P47:P52) -> 30 | R53: =$F$8*N53*'Vehicle Infos'!$L$21 -> 292.63423
C54: Total Mfouda-Mobil Elig-Essono | D54: 14.5 | E54: 0.5 | F54: 12:13 | G54: 2 | I54: =$D$8*E54*'Vehicle Infos'!$L$10 -> 44.291835
C55: Mobil Elig-Essono-Camair | D55: 15 | E55: 0.5 | F55: 12:14 | G55: 1 | I55: =$D$8*E55*'Vehicle Infos'!$L$10 -> 44.291835
C56: Total | E56: 15 | G56: =SUM(G47:G55) -> 34 | I56: =$D$8*E56*'Vehicle Infos'!$L$10 -> 1328.755
C59: Wednesday 15:00-19:00 Scenario | L59: Wednesday 15:00-19:00 Scenario | U59: Wednesday 15:00-19:00 Scenario
C60: Soa-Yaounde: Road Network Stretches | D60: Cummulative distance (Km) | E60: Distance per stretch | F60: Clock Time | G60: Average time Taken (min) | H60: Tier 1 Emissions (kg CO2) (Daily) | I60: Tier 2 Emissions (kg CO2) (Daily) | L60: Mfou-Yaounde: Road Network Stretches | M60: Cummulative distance (Km) | N60: Distance per stretch | O60: Clock Time | P60: Average time Taken (min) | Q60: Tier 1 Emissions (kg CO2) (Daily) | R60: Tier 2 Emissions (kg CO2) (Daily) | U60: Mbankomo-Yaounde: Road Network Stretches | V60: Cummulative distance (Km) | W60: Distance per stretch | X60: Clock Time | Y60: Average time Taken (min) | Z60: Tier 1 Emissions (kg CO2) (Daily) | AA60: Tier 2 Emissions (kg CO2) (Daily)
C61: Soa Centre | D61: 0 | E61: 0 | F61: 15:30 | H61: =D9*D3*'Vehicle Infos'!K10 -> 1534.35 | I61: =$D$9*E61*'Vehicle Infos'!$L$10 -> 0 | L61: Marche Mfou | M61: 0 | N61: 0 | O61: 16:00 | Q61: =F9*F3*'Vehicle Infos'!K21 -> 878.5854 | R61: =$F$9*N61*'Vehicle Infos'!$L$21 -> 0 | U61: Green oil | V61: 0 | W61: 0 | X61: 16:00 | Y61: 0 | Z61: =G9*G3*'Vehicle Infos'!K29 -> 261.36 | AA61: =$G$9*W61*'Vehicle Infos'!$L$29 -> 0
C62: Soa Centre -Vallée vert | D62: 7.5 | E62: 7.5 | F62: 15:37 | G62: 7 | I62: =$D$9*E62*'Vehicle Infos'!$L$10 -> 372.74669 | L62: Marche Mfou - Gare Mfou | M62: 1 | N62: 1 | O62: 16:02 | P62: 2 | R62: =$F$9*N62*'Vehicle Infos'!$L$21 -> 15.272616 | U62: Green oil - Entrée Ngoumou | V62: 3 | W62: 3 | X62: 16:05 | Y62: 5 | AA62: =$G$9*W62*'Vehicle Infos'!$L$29 -> 16.541927
C63: Vallée vert -Petite marché | D63: 8 | E63: 0.5 | F63: 15:43 | G63: 6 | I63: =$D$9*E63*'Vehicle Infos'!$L$10 -> 24.849779 | L63: Gare Mfou - Gustave Eiffel | M63: 2.5 | N63: 1.5 | O63: 16:07 | P63: 5 | R63: =$F$9*N63*'Vehicle Infos'!$L$21 -> 22.908924 | U63: Entrée Ngoumou - Carrefour Nomayos | V63: 5.5 | W63: 2.5 | X63: 16:13 | Y63: 8 | AA63: =$G$9*W63*'Vehicle Infos'!$L$29 -> 13.784939
C64: Petite marché-Eleveur | D64: 9 | E64: 1 | F64: 15:50 | G64: 7 | I64: =$D$9*E64*'Vehicle Infos'!$L$10 -> 49.699559 | L64: Gustave Eiffel - Entrée EP Meyo | M64: 9 | N64: 6.5 | O64: 16:17 | P64: 10 | R64: =$F$9*N64*'Vehicle Infos'!$L$21 -> 99.272004 | U64: Carrefour Nomayos - Entrée CIMENCAM | V64: 7.5 | W64: 2 | X64: 16:26 | Y64: 13 | AA64: =$G$9*W64*'Vehicle Infos'!$L$29 -> 11.027951
C65: Eleveur-Total Ngoussou | D65: 10 | E65: 1 | F65: 15:57 | G65: 7 | I65: =$D$9*E65*'Vehicle Infos'!$L$10 -> 49.699559 | L65: Entrée EP Meyo - Carrefour Nkongoa | M65: 12 | N65: 3 | O65: 16:22 | P65: 5 | R65: =$F$9*N65*'Vehicle Infos'!$L$21 -> 45.817848 | U65: Entrée CIMENCAM - Barrier (Tradex Ahala) | V65: 12 | W65: 4.5 | X65: 16:54 | Y65: 28 | AA65: =$G$9*W65*'Vehicle Infos'!$L$29 -> 24.81289
C66: Total Ngoussou -Mobil Omnisport | D66: 11 | E66: 1 | F66: 16:10 | G66: 13 | I66: =$D$9*E66*'Vehicle Infos'!$L$10 -> 49.699559 | L66: Carrefour Nkongoa - Carrefour Monti | M66: 15.5 | N66: 3.5 | O66: 16:33 | P66: 11 | R66: =$F$9*N66*'Vehicle Infos'!$L$21 -> 53.454156 | U66: Total | W66: =SUM(W61:W65) -> 12 | Y66: =SUM(Y61:Y65) -> 54 | AA66: =$G$9*W66*'Vehicle Infos'!$L$29 -> 66.167706
C67: Mobil Omnisport -Texaco Omnisport | D67: 12 | E67: 1 | F67: 16:16 | G67: 6 | I67: =$D$9*E67*'Vehicle Infos'!$L$10 -> 49.699559 | L67: Carrefour Monti - Hawai Escallier | M67: 18.5 | N67: 3 | O67: 16:46 | P67: 13 | R67: =$F$9*N67*'Vehicle Infos'!$L$21 -> 45.817848
C68: Texaco Omnisport -Total Mfouda | D68: 14 | E68: 2 | F68: 16:25 | G68: 9 | I68: =$D$9*E68*'Vehicle Infos'!$L$10 -> 99.399117 | L68: Total | N68: =SUM(N61:N67) -> 18.5 | P68: =SUM(P62:P67) -> 46 | R68: =$F$9*N68*'Vehicle Infos'!$L$21 -> 282.5434
C69: Total Mfouda-Mobil Elig-Essono | D69: 14.5 | E69: 0.5 | F69: 16:28 | G69: 3 | I69: =$D$9*E69*'Vehicle Infos'!$L$10 -> 24.849779
C70: Mobil Elig-Essono-Camair | D70: 15 | E70: 0.5 | F70: 16:31 | G70: 3 | I70: =$D$9*E70*'Vehicle Infos'!$L$10 -> 24.849779
C71: Total | E71: 15 | G71: =SUM(G62:G70) -> 61 | I71: =$D$9*E71*'Vehicle Infos'!$L$10 -> 745.49338
C74: Wednesday 19:00-22:00 Scenario | L74: Wednesday 19:00-22:00 Scenario | U74: Wednesday 19:00-22:00 Scenario
C75: Soa-Yaounde: Road Network Stretches | D75: Cummulative distance (Km) | E75: Distance per stretch | F75: Clock Time | G75: Average time Taken (min) | H75: Tier 1 Emissions (kg CO2) (Daily) | I75: Tier 2 Emissions (kg CO2) (Daily) | L75: Mfou-Yaounde: Road Network Stretches | M75: Cummulative distance (Km) | N75: Distance per stretch | O75: Clock Time | P75: Average time Taken (min) | Q75: Tier 1 Emissions (kg CO2) (Daily) | R75: Tier 2 Emissions (kg CO2) (Daily) | U75: Mbankomo-Yaounde: Road Network Stretches | V75: Cummulative distance (Km) | W75: Distance per stretch | X75: Clock Time | Y75: Average time Taken (min) | Z75: Tier 1 Emissions (kg CO2) (Daily) | AA75: Tier 2 Emissions (kg CO2) (Daily)
C76: Soa Centre | D76: 0 | E76: 0 | F76: 19:30 | H76: =D10*D3*'Vehicle Infos'!K10 -> 1423.05 | I76: =$D$10*E76*'Vehicle Infos'!$L$10 -> 0 | L76: Marche Mfou | M76: 0 | N76: 0 | O76: 19:00 | Q76: =F10*F3*'Vehicle Infos'!K21 -> 324.23985 | R76: =$F$10*N76*'Vehicle Infos'!$L$21 -> 0 | U76: Green oil | V76: 0 | W76: 0 | X76: 19:00 | Y76: 0 | Z76: =G10*G3*'Vehicle Infos'!K29 -> 245.52 | AA76: =$G$10*W76*'Vehicle Infos'!$L$29 -> 0
C77: Soa Centre -Vallée vert | D77: 7.5 | E77: 7.5 | F77: 19:37 | G77: 7 | I77: =$D$10*E77*'Vehicle Infos'!$L$10 -> 345.70807 | L77: Marche Mfou - Gare Mfou | M77: 1 | N77: 1 | O77: 19:02 | P77: 2 | R77: =$F$10*N77*'Vehicle Infos'!$L$21 -> 5.6363226 | U77: Green oil - Entrée Ngoumou | V77: 3 | W77: 3 | X77: 19:05 | Y77: 5 | AA77: =$G$10*W77*'Vehicle Infos'!$L$29 -> 15.539386
C78: Vallée vert -Petite marché | D78: 8 | E78: 0.5 | F78: 19:41 | G78: 4 | I78: =$D$10*E78*'Vehicle Infos'!$L$10 -> 23.047205 | L78: Gare Mfou - Gustave Eiffel | M78: 2.5 | N78: 1.5 | O78: 19:06 | P78: 4 | R78: =$F$10*N78*'Vehicle Infos'!$L$21 -> 8.4544839 | U78: Entrée Ngoumou - Carrefour Nomayos | V78: 5.5 | W78: 2.5 | X78: 19:12 | Y78: 7 | AA78: =$G$10*W78*'Vehicle Infos'!$L$29 -> 12.949488
C79: Petite marché-Eleveur | D79: 9 | E79: 1 | F79: 19:46 | G79: 5 | I79: =$D$10*E79*'Vehicle Infos'!$L$10 -> 46.094409 | L79: Gustave Eiffel - Entrée EP Meyo | M79: 9 | N79: 6.5 | O79: 19:15 | P79: 9 | R79: =$F$10*N79*'Vehicle Infos'!$L$21 -> 36.636097 | U79: Carrefour Nomayos - Entrée CIMENCAM | V79: 7.5 | W79: 2 | X79: 19:20 | Y79: 8 | AA79: =$G$10*W79*'Vehicle Infos'!$L$29 -> 10.35959
C80: Eleveur-Total Ngoussou | D80: 10 | E80: 1 | F80: 19:51 | G80: 5 | I80: =$D$10*E80*'Vehicle Infos'!$L$10 -> 46.094409 | L80: Entrée EP Meyo - Carrefour Nkongoa | M80: 12 | N80: 3 | O80: 19:20 | P80: 5 | R80: =$F$10*N80*'Vehicle Infos'!$L$21 -> 16.908968 | U80: Entrée CIMENCAM - Barrier (Tradex Ahala) | V80: 12 | W80: 4.5 | X80: 19:40 | Y80: 20 | AA80: =$G$10*W80*'Vehicle Infos'!$L$29 -> 23.309078
C81: Total Ngoussou -Mobil Omnisport | D81: 11 | E81: 1 | F81: 20:00 | G81: 9 | I81: =$D$10*E81*'Vehicle Infos'!$L$10 -> 46.094409 | L81: Carrefour Nkongoa - Carrefour Monti | M81: 15.5 | N81: 3.5 | O81: 19:27 | P81: 7 | R81: =$F$10*N81*'Vehicle Infos'!$L$21 -> 19.727129 | U81: Total | W81: =SUM(W76:W80) -> 12 | Y81: =SUM(Y76:Y80) -> 40 | AA81: =$G$10*W81*'Vehicle Infos'!$L$29 -> 62.157542
C82: Mobil Omnisport -Texaco Omnisport | D82: 12 | E82: 1 | F82: 20:05 | G82: 5 | I82: =$D$10*E82*'Vehicle Infos'!$L$10 -> 46.094409 | L82: Carrefour Monti - Hawai Escallier | M82: 18.5 | N82: 3 | O82: 19:33 | P82: 6 | R82: =$F$10*N82*'Vehicle Infos'!$L$21 -> 16.908968
C83: Texaco Omnisport -Total Mfouda | D83: 14 | E83: 2 | F83: 20:11 | G83: 6 | I83: =$D$10*E83*'Vehicle Infos'!$L$10 -> 92.188819 | L83: Total | N83: =SUM(N76:N82) -> 18.5 | P83: =SUM(P77:P82) -> 33 | R83: =$F$10*N83*'Vehicle Infos'!$L$21 -> 104.27197
C84: Total Mfouda-Mobil Elig-Essono | D84: 14.5 | E84: 0.5 | F84: 20:13 | G84: 2 | I84: =$D$10*E84*'Vehicle Infos'!$L$10 -> 23.047205
C85: Mobil Elig-Essono-Camair | D85: 15 | E85: 0.5 | F85: 20:14 | G85: 1 | I85: =$D$10*E85*'Vehicle Infos'!$L$10 -> 23.047205
C86: Total | E86: 15 | G86: =SUM(G77:G85) -> 44 | I86: =$D$10*E86*'Vehicle Infos'!$L$10 -> 691.41614

Sheet Thursday Est.
B2: Thursday Tailpipe Emissions | D2: SOA | F2: MFOU | G2: Mbankomo
B3: Fuel consumed on total stretch | C3: Toyota | D3: 2.5 | F3: 3.3 | G3: 2.5 | H3: litres
C4: Mercedes | D4: 3 | H4: litres
B5: Number of buses | C5: Time frame | D5: Number of Vehicles
C6: 06:00 - 07:00 | D6: =36+14 -> 50 | F6: 14 | G6: 11
C7: 07:00 - 10:00 | D7: =142+69 -> 211 | F7: 74 | G7: 61
C8: 10:00 - 15:00 | D8: =202+142 -> 344 | F8: 87 | G8: 52
C9: 15:00 - 19:00 | D9: =111+82 -> 193 | F9: 84 | G9: 33
C10: 19:00 - 22:00 | D10: =113+66 -> 179 | F10: 29 | G10: 29
C11: Number of days in a year | D11: 365
C14: Thursday 6:00-7:00 Scenario | H14: Daily Tail Pipe Emissions | M14: Thursday 6:00-7:00 Scenario | V14: Thursday 6:00-7:00 Scenario | AH14: Annual Tailpipe Emissions in kg CO2 (Tier 1)
C15: Soa-Yaounde: Road Network Stretches | D15: Cummulative distance (Km) | E15: Distance per stretch | F15: Clock Time | G15: Average time Taken (min) | H15: Tier 1 Emissions (kg CO2) (Daily) | I15: Tier 2 Emissions (kg CO2) (Daily) | M15: Mfou-Yaounde: Road Network Stretches | N15: Cummulative distance (Km) | O15: Distance per stretch | P15: Clock Time | Q15: Average time Taken (min) | R15: Tier 1 Emissions (kg CO2) (Daily) | S15: Tier 2 Emissions (kg CO2) (Daily) | V15: Mbankomo-Yaounde: Road Network Stretches | W15: Cummulative distance (Km) | X15: Distance per stretch | Y15: Clock Time | Z15: Average time Taken (min) | AA15: Tier 1 Emissions (kg CO2) (Daily) | AB15: Tier 2 Emissions (kg CO2) (Daily) | AI15: 6:00 - 7:00 | AJ15: 7:00 - 10:00 | AK15: 10:00 - 15:00 | AL15: 15:00 - 19:00 | AM15: 19:00 - 22:00 | AN15: TOTAL
C16: Soa Centre | D16: 0 | E16: 0 | F16: 6.00 | H16: =D6*D3*'Vehicle Infos'!K10 -> 397.5 | I16: =$D$6*E16*'Vehicle Infos'!$L$10 -> 0 | M16: Marche Mfou | N16: 0 | O16: 0 | P16: 6:00 | Q16: 0 | R16: =F6*F3*'Vehicle Infos'!K21 -> 146.4309 | S16: =$F$6*O16*'Vehicle Infos'!$L$21 -> 0 | V16: Green oil | W16: 0 | X16: 0 | Y16: 6:00 | Z16: 0 | AA16: =G6*G3*'Vehicle Infos'!K29 -> 87.12 | AB16: =$G$6*X16*'Vehicle Infos'!$L$29 -> 0 | AH16: Thursday | AI16: =SUM(H16:H25)*D11 -> 145087.5 | AJ16: =SUM(H31:H40)*D11 -> 612269.25 | AK16: =SUM(H46:H55)*D11 -> 998202 | AL16: =SUM(H61:H70)*D11 -> 560037.75 | AM16: =SUM(H76:H85)*D11 -> 519413.25 | AN16: =SUM(AI16:AM16) -> 2835009.8
C17: Soa Centre -Vallée vert | D17: 7.5 | E17: 7.5 | F17: 6:07 | G17: 7 | I17: =$D$6*E17*'Vehicle Infos'!$L$10 -> 96.5665 | M17: Marche Mfou - Gare Mfou | N17: 1 | O17: 1 | P17: 6:02 | Q17: 2 | S17: =$F$6*O17*'Vehicle Infos'!$L$21 -> 2.545436 | V17: Green oil - Entrée Ngoumou | W17: 3 | X17: 3 | Y17: 6:05 | Z17: 5 | AB17: =$G$6*X17*'Vehicle Infos'!$L$29 -> 5.5139755
C18: Vallée vert -Petite marché | D18: 8 | E18: 0.5 | F18: 6:09 | G18: 2 | I18: =$D$6*E18*'Vehicle Infos'!$L$10 -> 6.4377667 | M18: Gare Mfou - Gustave Eiffel | N18: 2.5 | O18: 1.5 | P18: 6:07 | Q18: 5 | S18: =$F$6*O18*'Vehicle Infos'!$L$21 -> 3.818154 | V18: Entrée Ngoumou - Carrefour Nomayos | W18: 5.5 | X18: 2.5 | Y18: 6:11 | Z18: 6 | AB18: =$G$6*X18*'Vehicle Infos'!$L$29 -> 4.5949796
C19: Petite marché-Eleveur | D19: 9 | E19: 1 | F19: 6:14 | G19: 5 | I19: =$D$6*E19*'Vehicle Infos'!$L$10 -> 12.875533 | M19: Gustave Eiffel - Entrée EP Meyo | N19: 9 | O19: 6.5 | P19: 6:16 | Q19: 9 | S19: =$F$6*O19*'Vehicle Infos'!$L$21 -> 16.545334 | V19: Carrefour Nomayos - Entrée CIMENCAM | W19: 7.5 | X19: 2 | Y19: 6:19 | Z19: 8 | AB19: =$G$6*X19*'Vehicle Infos'!$L$29 -> 3.6759837
C20: Eleveur-Total Ngoussou | D20: 10 | E20: 1 | F20: 6:17 | G20: 3 | I20: =$D$6*E20*'Vehicle Infos'!$L$10 -> 12.875533 | M20: Entrée EP Meyo - Carrefour Nkongoa | N20: 12 | O20: 3 | P20: 6:20 | Q20: 4 | S20: =$F$6*O20*'Vehicle Infos'!$L$21 -> 7.636308 | V20: Entrée CIMENCAM - Barrier (Tradex Ahala) | W20: 12 | X20: 4.5 | Y20: 6:33 | Z20: 14 | AB20: =$G$6*X20*'Vehicle Infos'!$L$29 -> 8.2709633
C21: Total Ngoussou -Mobil Omnisport | D21: 11 | E21: 1 | F21: 7:26 | G21: 9 | I21: =$D$6*E21*'Vehicle Infos'!$L$10 -> 12.875533 | M21: Carrefour Nkongoa - Carrefour Monti | N21: 15.5 | O21: 3.5 | P21: 6:25 | Q21: 5 | S21: =$F$6*O21*'Vehicle Infos'!$L$21 -> 8.909026 | V21: Total | X21: =SUM(X17:X20) -> 12 | Z21: =SUM(Z16:Z20) -> 33 | AB21: =$G$6*X21*'Vehicle Infos'!$L$29 -> 22.055902
C22: Mobil Omnisport -Texaco Omnisport | D22: 12 | E22: 1 | F22: 7:28 | G22: 2 | I22: =$D$6*E22*'Vehicle Infos'!$L$10 -> 12.875533 | M22: Carrefour Monti - Hawai Escallier | N22: 18.5 | O22: 3 | P22: 6:30 | Q22: 5 | S22: =$F$6*O22*'Vehicle Infos'!$L$21 -> 7.636308
C23: Texaco Omnisport -Total Mfouda | D23: 14 | E23: 2 | F23: 7:34 | G23: 6 | I23: =$D$6*E23*'Vehicle Infos'!$L$10 -> 25.751067 | M23: Total | O23: =SUM(O16:O22) -> 18.5 | Q23: =SUM(Q17:Q22) -> 30 | S23: =$F$6*O23*'Vehicle Infos'!$L$21 -> 47.090566
C24: Total Mfouda-Mobil Elig-Essono | D24: 14.5 | E24: 0.5 | F24: 7:35 | G24: 1 | I24: =$D$6*E24*'Vehicle Infos'!$L$10 -> 6.4377667
C25: Mobil Elig-Essono-Camair | D25: 15 | E25: 0.5 | F25: 7:36 | G25: 1 | I25: =$D$6*E25*'Vehicle Infos'!$L$10 -> 6.4377667
C26: Total | E26: 15 | G26: =SUM(G17:G25) -> 36 | I26: =$D$6*E26*'Vehicle Infos'!$L$10 -> 193.133
C29: Thursday 7:00-10:00 Scenario | M29: Thursday 7:00-10:00 Scenario | V29: Thursday 7:00-10:00 Scenario
C30: Soa-Yaounde: Road Network Stretches | D30: Cummulative distance (Km) | E30: Distance per stretch | F30: Clock Time | G30: Average time Taken (min) | H30: Tier 1 Emissions (kg CO2) (Daily) | I30: Tier 2 Emissions (kg CO2) (Daily) | M30: Mfou-Yaounde: Road Network Stretches | N30: Cummulative distance (Km) | O30: Distance per stretch | P30: Clock Time | Q30: Average time Taken (min) | R30: Tier 1 Emissions (kg CO2) (Daily) | S30: Tier 2 Emissions (kg CO2) (Daily) | V30: Mbankomo-Yaounde: Road Network Stretches | W30: Cummulative distance (Km) | X30: Distance per stretch | Y30: Clock Time | Z30: Average time Taken (min) | AA30: Tier 1 Emissions (kg CO2) (Daily) | AB30: Tier 2 Emissions (kg CO2) (Daily)
C31: Soa Centre | D31: 0 | E31: 0 | F31: 7:30 | H31: =D7*D3*'Vehicle Infos'!K10 -> 1677.45 | I31: =$D$7*E31*'Vehicle Infos'!$L$10 -> 0 | M31: Marche Mfou | N31: 0 | O31: 0 | P31: 7:00 | Q31: 0 | R31: =F7*F3*'Vehicle Infos'!K21 -> 773.9919 | S31: =$F$7*O31*'Vehicle Infos'!$L$21 -> 0 | V31: Green oil | W31: 0 | X31: 0 | Y31: 7:00 | Z31: 0 | AA31: =G7*G3*'Vehicle Infos'!K29 -> 483.12 | AB31: =$G$7*X31*'Vehicle Infos'!$L$29 -> 0
C32: Soa Centre -Vallée vert | D32: 7.5 | E32: 7.5 | F32: 7:37 | G32: 7 | I32: =$D$7*E32*'Vehicle Infos'!$L$10 -> 407.51063 | M32: Marche Mfou - Gare Mfou | N32: 1 | O32: 1 | P32: 7:02 | Q32: 2 | S32: =$F$7*O32*'Vehicle Infos'!$L$21 -> 13.454447 | V32: Green oil - Entrée Ngoumou | W32: 3 | X32: 3 | Y32: 7:05 | Z32: 5 | AB32: =$G$7*X32*'Vehicle Infos'!$L$29 -> 30.577501
C33: Vallée vert -Petite marché | D33: 8 | E33: 0.5 | F33: 7:43 | G33: 6 | I33: =$D$7*E33*'Vehicle Infos'!$L$10 -> 27.167375 | M33: Gare Mfou - Gustave Eiffel | N33: 2.5 | O33: 1.5 | P33: 7:07 | Q33: 5 | S33: =$F$7*O33*'Vehicle Infos'!$L$21 -> 20.181671 | V33: Entrée Ngoumou - Carrefour Nomayos | W33: 5.5 | X33: 2.5 | Y33: 7:13 | Z33: 8 | AB33: =$G$7*X33*'Vehicle Infos'!$L$29 -> 25.48125
C34: Petite marché-Eleveur | D34: 9 | E34: 1 | F34: 7:49 | G34: 6 | I34: =$D$7*E34*'Vehicle Infos'!$L$10 -> 54.334751 | M34: Gustave Eiffel - Entrée EP Meyo | N34: 9 | O34: 6.5 | P34: 7:17 | Q34: 10 | S34: =$F$7*O34*'Vehicle Infos'!$L$21 -> 87.453908 | V34: Carrefour Nomayos - Entrée CIMENCAM | W34: 7.5 | X34: 2 | Y34: 7:24 | Z34: 11 | AB34: =$G$7*X34*'Vehicle Infos'!$L$29 -> 20.385
C35: Eleveur-Total Ngoussou | D35: 10 | E35: 1 | F35: 8:05 | G35: 16 | I35: =$D$7*E35*'Vehicle Infos'!$L$10 -> 54.334751 | M35: Entrée EP Meyo - Carrefour Nkongoa | N35: 12 | O35: 3 | P35: 7:23 | Q35: 6 | S35: =$F$7*O35*'Vehicle Infos'!$L$21 -> 40.363342 | V35: Entrée CIMENCAM - Barrier (Tradex Ahala) | W35: 12 | X35: 4.5 | Y35: 7:49 | Z35: 25 | AB35: =$G$7*X35*'Vehicle Infos'!$L$29 -> 45.866251
C36: Total Ngoussou -Mobil Omnisport | D36: 11 | E36: 1 | F36: 8:08 | G36: 3 | I36: =$D$7*E36*'Vehicle Infos'!$L$10 -> 54.334751 | M36: Carrefour Nkongoa - Carrefour Monti | N36: 15.5 | O36: 3.5 | P36: 7:34 | Q36: 11 | S36: =$F$7*O36*'Vehicle Infos'!$L$21 -> 47.090566 | V36: Total | X36: =SUM(X31:X35) -> 12 | Z36: =SUM(Z31:Z35) -> 49 | AB36: =$G$7*X36*'Vehicle Infos'!$L$29 -> 122.31
C37: Mobil Omnisport -Texaco Omnisport | D37: 12 | E37: 1 | F37: 8:13 | G37: 5 | I37: =$D$7*E37*'Vehicle Infos'!$L$10 -> 54.334751 | M37: Carrefour Monti - Hawai Escallier | N37: 18.5 | O37: 3 | P37: 7:47 | Q37: 13 | S37: =$F$7*O37*'Vehicle Infos'!$L$21 -> 40.363342
C38: Texaco Omnisport -Total Mfouda | D38: 14 | E38: 2 | F38: 8:22 | G38: 9 | I38: =$D$7*E38*'Vehicle Infos'!$L$10 -> 108.6695 | M38: Total | O38: =SUM(O31:O37) -> 18.5 | Q38: =SUM(Q32:Q37) -> 47 | S38: =$F$7*O38*'Vehicle Infos'!$L$21 -> 248.90728
C39: Total Mfouda-Mobil Elig-Essono | D39: 14.5 | E39: 0.5 | F39: 8:24 | G39: 2 | I39: =$D$7*E39*'Vehicle Infos'!$L$10 -> 27.167375
C40: Mobil Elig-Essono-Camair | D40: 15 | E40: 0.5 | F40: 8.25 | G40: 1 | I40: =$D$7*E40*'Vehicle Infos'!$L$10 -> 27.167375
C41: Total | E41: 15 | G41: =SUM(G32:G40) -> 55 | I41: =$D$7*E41*'Vehicle Infos'!$L$10 -> 815.02126
C44: Thursday 10:00-15:00 Scenario | M44: Thursday 10:00-15:00 Scenario | V44: Thursday 10:00-15:00 Scenario
C45: Soa-Yaounde: Road Network Stretches | D45: Cummulative distance (Km) | E45: Distance per stretch | F45: Clock Time | G45: Average time Taken (min) | H45: Tier 1 Emissions (kg CO2) (Daily) | I45: Tier 2 Emissions (kg CO2) (Daily) | M45: Mfou-Yaounde: Road Network Stretches | N45: Cummulative distance (Km) | O45: Distance per stretch | P45: Clock Time | Q45: Average time Taken (min) | R45: Tier 1 Emissions (kg CO2) (Daily) | S45: Tier 2 Emissions (kg CO2) (Daily) | V45: Mbankomo-Yaounde: Road Network Stretches | W45: Cummulative distance (Km) | X45: Distance per stretch | Y45: Clock Time | Z45: Average time Taken (min) | AA45: Tier 1 Emissions (kg CO2) (Daily) | AB45: Tier 2 Emissions (kg CO2) (Daily)
C46: Soa Centre | D46: 0 | E46: 0 | F46: 10.00 | H46: =D8*D3*'Vehicle Infos'!K10 -> 2734.8 | I46: =$D$8*E46*'Vehicle Infos'!$L$10 -> 0 | M46: Marche Mfou | N46: 0 | O46: 0 | P46: 10:15 | R46: =F8*F3*'Vehicle Infos'!K21 -> 909.96345 | S46: =$F$8*O46*'Vehicle Infos'!$L$21 -> 0 | V46: Green oil | W46: 0 | X46: 0 | Y46: 10:0 | Z46: 0 | AA46: =G8*G3*'Vehicle Infos'!K29 -> 411.84 | AB46: =$G$8*X46*'Vehicle Infos'!$L$29 -> 0
C47: Soa Centre -Vallée vert | D47: 7.5 | E47: 7.5 | F47: 10:07 | G47: 7 | I47: =$D$8*E47*'Vehicle Infos'!$L$10 -> 664.37752 | M47: Marche Mfou - Gare Mfou | N47: 1 | O47: 1 | P47: 10:17 | Q47: 2 | S47: =$F$8*O47*'Vehicle Infos'!$L$21 -> 15.818067 | V47: Green oil - Entrée Ngoumou | W47: 3 | X47: 3 | Y47: 10:5 | Z47: 5 | AB47: =$G$8*X47*'Vehicle Infos'!$L$29 -> 26.066066
C48: Vallée vert -Petite marché | D48: 8 | E48: 0.5 | F48: 10:09 | G48: 2 | I48: =$D$8*E48*'Vehicle Infos'!$L$10 -> 44.291835 | M48: Gare Mfou - Gustave Eiffel | N48: 2.5 | O48: 1.5 | P48: 10:21 | Q48: 4 | S48: =$F$8*O48*'Vehicle Infos'!$L$21 -> 23.7271 | V48: Entrée Ngoumou - Carrefour Nomayos | W48: 5.5 | X48: 2.5 | Y48: 10:11 | Z48: 6 | AB48: =$G$8*X48*'Vehicle Infos'!$L$29 -> 21.721722
C49: Petite marché-Eleveur | D49: 9 | E49: 1 | F49: 10:13 | G49: 4 | I49: =$D$8*E49*'Vehicle Infos'!$L$10 -> 88.583669 | M49: Gustave Eiffel - Entrée EP Meyo | N49: 9 | O49: 6.5 | P49: 10:30 | Q49: 9 | S49: =$F$8*O49*'Vehicle Infos'!$L$21 -> 102.81743 | V49: Carrefour Nomayos - Entrée CIMENCAM | W49: 7.5 | X49: 2 | Y49: 10:19 | Z49: 8 | AB49: =$G$8*X49*'Vehicle Infos'!$L$29 -> 17.377377
C50: Eleveur-Total Ngoussou | D50: 10 | E50: 1 | F50: 10:16 | G50: 3 | I50: =$D$8*E50*'Vehicle Infos'!$L$10 -> 88.583669 | M50: Entrée EP Meyo - Carrefour Nkongoa | N50: 12 | O50: 3 | P50: 10:35 | Q50: 5 | S50: =$F$8*O50*'Vehicle Infos'!$L$21 -> 47.4542 | V50: Entrée CIMENCAM - Barrier (Tradex Ahala) | W50: 12 | X50: 4.5 | Y50: 10:33 | Z50: 14 | AB50: =$G$8*X50*'Vehicle Infos'!$L$29 -> 39.099099
C51: Total Ngoussou -Mobil Omnisport | D51: 11 | E51: 1 | F51: 10:22 | G51: 6 | I51: =$D$8*E51*'Vehicle Infos'!$L$10 -> 88.583669 | M51: Carrefour Nkongoa - Carrefour Monti | N51: 15.5 | O51: 3.5 | P51: 10:40 | Q51: 5 | S51: =$F$8*O51*'Vehicle Infos'!$L$21 -> 55.363233 | V51: Total | X51: =SUM(X46:X50) -> 12 | Z51: =SUM(Z46:Z50) -> 33 | AB51: =$G$8*X51*'Vehicle Infos'!$L$29 -> 104.26426
C52: Mobil Omnisport -Texaco Omnisport | D52: 12 | E52: 1 | F52: 10:24 | G52: 2 | I52: =$D$8*E52*'Vehicle Infos'!$L$10 -> 88.583669 | M52: Carrefour Monti - Hawai Escallier | N52: 18.5 | O52: 3 | P52: 10:45 | Q52: 5 | S52: =$F$8*O52*'Vehicle Infos'!$L$21 -> 47.4542
C53: Texaco Omnisport -Total Mfouda | D53: 14 | E53: 2 | F53: 10:28 | G53: 4 | I53: =$D$8*E53*'Vehicle Infos'!$L$10 -> 177.16734 | M53: Total | O53: =SUM(O46:O52) -> 18.5 | Q53: =SUM(Q47:Q52) -> 30 | S53: =$F$8*O53*'Vehicle Infos'!$L$21 -> 292.63423
C54: Total Mfouda-Mobil Elig-Essono | D54: 14.5 | E54: 0.5 | F54: 10:30 | G54: 2 | I54: =$D$8*E54*'Vehicle Infos'!$L$10 -> 44.291835
C55: Mobil Elig-Essono-Camair | D55: 15 | E55: 0.5 | F55: 10:31 | G55: 1 | I55: =$D$8*E55*'Vehicle Infos'!$L$10 -> 44.291835
C56: Total | E56: 15 | G56: =SUM(G47:G55) -> 31 | I56: =$D$8*E56*'Vehicle Infos'!$L$10 -> 1328.755
C59: Thursday 15:00-19:00 Scenario | M59: Thursday 15:00-19:00 Scenario | V59: Thursday 15:00-19:00 Scenario
C60: Soa-Yaounde: Road Network Stretches | D60: Cummulative distance (Km) | E60: Distance per stretch | F60: Clock Time | G60: Average time Taken (min) | H60: Tier 1 Emissions (kg CO2) (Daily) | I60: Tier 2 Emissions (kg CO2) (Daily) | M60: Mfou-Yaounde: Road Network Stretches | N60: Cummulative distance (Km) | O60: Distance per stretch | P60: Clock Time | Q60: Average time Taken (min) | R60: Tier 1 Emissions (kg CO2) (Daily) | S60: Tier 2 Emissions (kg CO2) (Daily) | V60: Mbankomo-Yaounde: Road Network Stretches | W60: Cummulative distance (Km) | X60: Distance per stretch | Y60: Clock Time | Z60: Average time Taken (min) | AA60: Tier 1 Emissions (kg CO2) (Daily) | AB60: Tier 2 Emissions (kg CO2) (Daily)
C61: Soa Centre | D61: 0 | E61: 0 | F61: 15:30 | H61: =D9*D3*'Vehicle Infos'!K10 -> 1534.35 | I61: =$D$9*E61*'Vehicle Infos'!$L$10 -> 0 | M61: Marche Mfou | N61: 0 | O61: 0 | P61: 15:00 | R61: =F9*F3*'Vehicle Infos'!K21 -> 878.5854 | S61: =$F$9*O61*'Vehicle Infos'!$L$21 -> 0 | V61: Green oil | W61: 0 | X61: 0 | Y61: 15:00 | Z61: 0 | AA61: =G9*G3*'Vehicle Infos'!K29 -> 261.36 | AB61: =$G$9*X61*'Vehicle Infos'!$L$29 -> 0
C62: Soa Centre -Vallée vert | D62: 7.5 | E62: 7.5 | F62: 15:37 | G62: 7 | I62: =$D$9*E62*'Vehicle Infos'!$L$10 -> 372.74669 | M62: Marche Mfou - Gare Mfou | N62: 1 | O62: 1 | P62: 15:02 | Q62: 2 | S62: =$F$9*O62*'Vehicle Infos'!$L$21 -> 15.272616 | V62: Green oil - Entrée Ngoumou | W62: 3 | X62: 3 | Y62: 15:05 | Z62: 5 | AB62: =$G$9*X62*'Vehicle Infos'!$L$29 -> 16.541927
C63: Vallée vert -Petite marché | D63: 8 | E63: 0.5 | F63: 15:40 | G63: 3 | I63: =$D$9*E63*'Vehicle Infos'!$L$10 -> 24.849779 | M63: Gare Mfou - Gustave Eiffel | N63: 2.5 | O63: 1.5 | P63: 15:06 | Q63: 4 | S63: =$F$9*O63*'Vehicle Infos'!$L$21 -> 22.908924 | V63: Entrée Ngoumou - Carrefour Nomayos | W63: 5.5 | X63: 2.5 | Y63: 15:13 | Z63: 8 | AB63: =$G$9*X63*'Vehicle Infos'!$L$29 -> 13.784939
C64: Petite marché-Eleveur | D64: 9 | E64: 1 | F64: 15:46 | G64: 6 | I64: =$D$9*E64*'Vehicle Infos'!$L$10 -> 49.699559 | M64: Gustave Eiffel - Entrée EP Meyo | N64: 9 | O64: 6.5 | P64: 15:16 | Q64: 10 | S64: =$F$9*O64*'Vehicle Infos'!$L$21 -> 99.272004 | V64: Carrefour Nomayos - Entrée CIMENCAM | W64: 7.5 | X64: 2 | Y64: 15:25 | Z64: 12 | AB64: =$G$9*X64*'Vehicle Infos'!$L$29 -> 11.027951
C65: Eleveur-Total Ngoussou | D65: 10 | E65: 1 | F65: 15:49 | G65: 3 | I65: =$D$9*E65*'Vehicle Infos'!$L$10 -> 49.699559 | M65: Entrée EP Meyo - Carrefour Nkongoa | N65: 12 | O65: 3 | P65: 15:22 | Q65: 6 | S65: =$F$9*O65*'Vehicle Infos'!$L$21 -> 45.817848 | V65: Entrée CIMENCAM - Barrier (Tradex Ahala) | W65: 12 | X65: 4.5 | Y65: 15:49 | Z65: 29 | AB65: =$G$9*X65*'Vehicle Infos'!$L$29 -> 24.81289
C66: Total Ngoussou -Mobil Omnisport | D66: 11 | E66: 1 | F66: 16:01 | G66: 12 | I66: =$D$9*E66*'Vehicle Infos'!$L$10 -> 49.699559 | M66: Carrefour Nkongoa - Carrefour Monti | N66: 15.5 | O66: 3.5 | P66: 15:32 | Q66: 10 | S66: =$F$9*O66*'Vehicle Infos'!$L$21 -> 53.454156 | V66: Total | X66: =SUM(X61:X65) -> 12 | Z66: =SUM(Z61:Z65) -> 54 | AB66: =$G$9*X66*'Vehicle Infos'!$L$29 -> 66.167706
C67: Mobil Omnisport -Texaco Omnisport | D67: 12 | E67: 1 | F67: 16:5 | G67: 4 | I67: =$D$9*E67*'Vehicle Infos'!$L$10 -> 49.699559 | M67: Carrefour Monti - Hawai Escallier | N67: 18.5 | O67: 3 | P67: 15:45 | Q67: 13 | S67: =$F$9*O67*'Vehicle Infos'!$L$21 -> 45.817848
C68: Texaco Omnisport -Total Mfouda | D68: 14 | E68: 2 | F68: 16:13 | G68: 8 | I68: =$D$9*E68*'Vehicle Infos'!$L$10 -> 99.399117 | M68: Total | O68: =SUM(O61:O67) -> 18.5 | Q68: =SUM(Q62:Q67) -> 45 | S68: =$F$9*O68*'Vehicle Infos'!$L$21 -> 282.5434
C69: Total Mfouda-Mobil Elig-Essono | D69: 14.5 | E69: 0.5 | F69: 16:15 | G69: 2 | I69: =$D$9*E69*'Vehicle Infos'!$L$10 -> 24.849779
C70: Mobil Elig-Essono-Camair | D70: 15 | E70: 0.5 | F70: 16:16 | G70: 1 | I70: =$D$9*E70*'Vehicle Infos'!$L$10 -> 24.849779
C71: Total | E71: 15 | G71: =SUM(G62:G70) -> 46 | I71: =$D$9*E71*'Vehicle Infos'!$L$10 -> 745.49338
C74: Thursday 19:00-22:00 Scenario | M74: Thursday 19:00-22:00 Scenario | V74: Thursday 19:00-22:00 Scenario
C75: Soa-Yaounde: Road Network Stretches | D75: Cummulative distance (Km) | E75: Distance per stretch | F75: Clock Time | G75: Average time Taken (min) | H75: Toyota | I75: Toyota | M75: Mfou-Yaounde: Road Network Stretches | N75: Cummulative distance (Km) | O75: Distance per stretch | P75: Clock Time | Q75: Average time Taken (min) | R75: Tier 1 Emissions (kg CO2) (Daily) | S75: Tier 2 Emissions (kg CO2) (Daily) | V75: Mbankomo-Yaounde: Road Network Stretches | W75: Cummulative distance (Km) | X75: Distance per stretch | Y75: Clock Time | Z75: Average time Taken (min) | AA75: Tier 1 Emissions (kg CO2) (Daily) | AB75: Tier 2 Emissions (kg CO2) (Daily)
C76: Soa Centre | D76: 0 | E76: 0 | F76: 19:00 | H76: =D10*D3*'Vehicle Infos'!K10 -> 1423.05 | I76: =$D$10*E76*'Vehicle Infos'!$L$10 -> 0 | M76: Marche Mfou | N76: 0 | O76: 0 | P76: 19:30 | R76: =F10*F3*'Vehicle Infos'!K21 -> 303.32115 | S76: =$F$10*O76*'Vehicle Infos'!$L$21 -> 0 | V76: Green oil | W76: 0 | X76: 0 | Y76: 19:30 | Z76: 0 | AA76: =G10*G3*'Vehicle Infos'!K29 -> 229.68 | AB76: =$G$10*X76*'Vehicle Infos'!$L$29 -> 0
C77: Soa Centre -Vallée vert | D77: 7.5 | E77: 7.5 | F77: 19:07 | G77: 7 | I77: =$D$10*E77*'Vehicle Infos'!$L$10 -> 345.70807 | M77: Marche Mfou - Gare Mfou | N77: 1 | O77: 1 | P77: 19:32 | Q77: 2 | S77: =$F$10*O77*'Vehicle Infos'!$L$21 -> 5.2726889 | V77: Green oil - Entrée Ngoumou | W77: 3 | X77: 3 | Y77: 19:35 | Z77: 5 | AB77: =$G$10*X77*'Vehicle Infos'!$L$29 -> 14.536845
C78: Vallée vert -Petite marché | D78: 8 | E78: 0.5 | F78: 19:09 | G78: 2 | I78: =$D$10*E78*'Vehicle Infos'!$L$10 -> 23.047205 | M78: Gare Mfou - Gustave Eiffel | N78: 2.5 | O78: 1.5 | P78: 19:36 | Q78: 4 | S78: =$F$10*O78*'Vehicle Infos'!$L$21 -> 7.9090333 | V78: Entrée Ngoumou - Carrefour Nomayos | W78: 5.5 | X78: 2.5 | Y78: 19:42 | Z78: 7 | AB78: =$G$10*X78*'Vehicle Infos'!$L$29 -> 12.114037
C79: Petite marché-Eleveur | D79: 9 | E79: 1 | F79: 19:13 | G79: 4 | I79: =$D$10*E79*'Vehicle Infos'!$L$10 -> 46.094409 | M79: Gustave Eiffel - Entrée EP Meyo | N79: 9 | O79: 6.5 | P79: 19:45 | Q79: 9 | S79: =$F$10*O79*'Vehicle Infos'!$L$21 -> 34.272478 | V79: Carrefour Nomayos - Entrée CIMENCAM | W79: 7.5 | X79: 2 | Y79: 19:51 | Z79: 9 | AB79: =$G$10*X79*'Vehicle Infos'!$L$29 -> 9.6912297
C80: Eleveur-Total Ngoussou | D80: 10 | E80: 1 | F80: 19:15 | G80: 2 | I80: =$D$10*E80*'Vehicle Infos'!$L$10 -> 46.094409 | M80: Entrée EP Meyo - Carrefour Nkongoa | N80: 12 | O80: 3 | P80: 19:50 | Q80: 5 | S80: =$F$10*O80*'Vehicle Infos'!$L$21 -> 15.818067 | V80: Entrée CIMENCAM - Barrier (Tradex Ahala) | W80: 12 | X80: 4.5 | Y80: 20:10 | Z80: 19 | AB80: =$G$10*X80*'Vehicle Infos'!$L$29 -> 21.805267
C81: Total Ngoussou -Mobil Omnisport | D81: 11 | E81: 1 | F81: 19:21 | G81: 6 | I81: =$D$10*E81*'Vehicle Infos'!$L$10 -> 46.094409 | M81: Carrefour Nkongoa - Carrefour Monti | N81: 15.5 | O81: 3.5 | P81: 19:55 | Q81: 5 | S81: =$F$10*O81*'Vehicle Infos'!$L$21 -> 18.454411 | V81: Total | X81: =SUM(X76:X80) -> 12 | Z81: =SUM(Z76:Z80) -> 40 | AB81: =$G$10*X81*'Vehicle Infos'!$L$29 -> 58.147378
C82: Mobil Omnisport -Texaco Omnisport | D82: 12 | E82: 1 | F82: 19:25 | G82: 4 | I82: =$D$10*E82*'Vehicle Infos'!$L$10 -> 46.094409 | M82: Carrefour Monti - Hawai Escallier | N82: 18.5 | O82: 3 | P82: 20:01 | Q82: 6 | S82: =$F$10*O82*'Vehicle Infos'!$L$21 -> 15.818067
C83: Texaco Omnisport -Total Mfouda | D83: 14 | E83: 2 | F83: 19:30 | G83: 5 | I83: =$D$10*E83*'Vehicle Infos'!$L$10 -> 92.188819 | M83: Total | O83: =SUM(O76:O82) -> 18.5 | Q83: =SUM(Q77:Q82) -> 31 | S83: =$F$10*O83*'Vehicle Infos'!$L$21 -> 97.544744
C84: Total Mfouda-Mobil Elig-Essono | D84: 14.5 | E84: 0.5 | F84: 19:32 | G84: 2 | I84: =$D$10*E84*'Vehicle Infos'!$L$10 -> 23.047205
C85: Mobil Elig-Essono-Camair | D85: 15 | E85: 0.5 | F85: 19:34 | G85: 2 | I85: =$D$10*E85*'Vehicle Infos'!$L$10 -> 23.047205
C86: Total | E86: 15 | G86: =SUM(G77:G85) -> 34 | I86: =$D$10*E86*'Vehicle Infos'!$L$10 -> 691.41614

Sheet Friday Est
D2: Soa | F2: Mfou | G2: Mbankomo
B3: Fuel consumed on total stretch | C3: Toyota | D3: 2.5 | F3: 3.3 | G3: 2.5 | H3: litres
C4: Mercedes | D4: 3 | H4: litres
B5: Number of buses | C5: Time frame | D5: Number of Vehicles
C6: 06:00 - 07:00 | D6: =25+14 -> 39 | F6: 14 | G6: 8
C7: 07:00 - 10:00 | D7: =98+60 -> 158 | F7: 74 | G7: 54
C8: 10:00 - 15:00 | D8: =153+101 -> 254 | F8: 85 | G8: 48
C9: 15:00 - 19:00 | D9: =96+53 -> 149 | F9: 83 | G9: 30
C10: 19:00 - 22:00 | D10: =87+32 -> 119 | F10: 25 | G10: 25
C11: Number of days in a year | D11: 365
C14: Friday 6:00-7:00 Scenario | H14: Daily Tail Pipe Emissions | L14: Friday 6:00-7:00 Scenario | U14: Friday 6:00-7:00 Scenario | AD14: Annual Tailpipe Emissions in kg CO2 (Tier 1)
C15: Soa-Yaounde: Road Network Stretches | D15: Cummulative distance (Km) | E15: Distance per stretch | F15: Clock Time | G15: Average time Taken (min) | H15: Tier 1 Emissions (kg CO2) (Daily) | I15: Tier 2 Emissions (kg CO2) (Daily) | L15: Mfou-Yaounde: Road Network Stretches | M15: Cummulative distance (Km) | N15: Distance per stretch | O15: Clock Time | P15: Average time Taken (min) | Q15: Tier 1 Emissions (kg CO2) (Daily) | R15: Tier 2 Emissions (kg CO2) (Daily) | U15: Mbankomo-Yaounde: Road Network Stretches | V15: Cummulative distance (Km) | W15: Distance per stretch | X15: Clock Time | Y15: Average time Taken (min) | Z15: Tier 1 Emissions (kg CO2) (Daily) | AA15: Tier 2 Emissions (kg CO2) (Daily) | AE15: 6:00 - 7:00 | AF15: 7:00 - 10:00 | AG15: 10:00 - 15:00 | AH15: 15:00 - 19:00 | AI15: 19:00 - 22:00 | AJ15: TOTAL
C16: Soa Centre | D16: 0 | E16: 0 | F16: 6:00 | G16: 0 | H16: =D6*D3*'Vehicle Infos'!K10 -> 310.05 | I16: =$D$6*E16*'Vehicle Infos'!$L$10 -> 0 | L16: Marche Mfou | M16: 0 | N16: 0 | O16: 6:00 | P16: 0 | Q16: =F6*F3*'Vehicle Infos'!K21 -> 146.4309 | R16: =$F$6*N16*'Vehicle Infos'!$L$21 -> 0 | U16: Green oil | V16: 0 | W16: 0 | X16: 6:00 | Y16: 0 | Z16: =G6*G3*'Vehicle Infos'!K29 -> 63.36 | AA16: =$G$6*W16*'Vehicle Infos'!$L$29 -> 0 | AD16: Friday | AE16: =SUM(H16:H25)*D11 -> 113168.25 | AF16: =SUM(H31:H40)*D11 -> 458476.5 | AG16: =SUM(H46:H55)*D11 -> 737044.5 | AH16: =SUM(H61:H70)*D11 -> 432360.75 | AI16: =SUM(H76:H85)*D11 -> 345308.25 | AJ16: =SUM(AE16:AI16) -> 2086358.2
C17: Soa Centre -Vallée vert | D17: 7.5 | E17: 7.5 | F17: 6:07 | G17: 7 | I17: =$D$6*E17*'Vehicle Infos'!$L$10 -> 75.32187 | L17: Marche Mfou - Gare Mfou | M17: 1 | N17: 1 | O17: 6:02 | P17: 2 | R17: =$F$6*N17*'Vehicle Infos'!$L$21 -> 2.545436 | U17: Green oil - Entrée Ngoumou | V17: 3 | W17: 3 | X17: 6:05 | Y17: 5 | AA17: =$G$6*W17*'Vehicle Infos'!$L$29 -> 4.010164
C18: Vallée vert -Petite marché | D18: 8 | E18: 0.5 | F18: 6:9 | G18: 2 | I18: =$D$6*E18*'Vehicle Infos'!$L$10 -> 5.021458 | L18: Gare Mfou - Gustave Eiffel | M18: 2.5 | N18: 1.5 | O18: 6:07 | P18: 5 | R18: =$F$6*N18*'Vehicle Infos'!$L$21 -> 3.818154 | U18: Entrée Ngoumou - Carrefour Nomayos | V18: 5.5 | W18: 2.5 | X18: 6:11 | Y18: 6 | AA18: =$G$6*W18*'Vehicle Infos'!$L$29 -> 3.3418033
C19: Petite marché-Eleveur | D19: 9 | E19: 1 | F19: 6:11 | G19: 2 | I19: =$D$6*E19*'Vehicle Infos'!$L$10 -> 10.042916 | L19: Gustave Eiffel - Entrée EP Meyo | M19: 9 | N19: 6.5 | O19: 6:16 | P19: 9 | R19: =$F$6*N19*'Vehicle Infos'!$L$21 -> 16.545334 | U19: Carrefour Nomayos - Entrée CIMENCAM | V19: 7.5 | W19: 2 | X19: 6:19 | Y19: 8 | AA19: =$G$6*W19*'Vehicle Infos'!$L$29 -> 2.6734427
C20: Eleveur-Total Ngoussou | D20: 10 | E20: 1 | F20: 6:14 | G20: 3 | I20: =$D$6*E20*'Vehicle Infos'!$L$10 -> 10.042916 | L20: Entrée EP Meyo - Carrefour Nkongoa | M20: 12 | N20: 3 | O20: 6:20 | P20: 4 | R20: =$F$6*N20*'Vehicle Infos'!$L$21 -> 7.636308 | U20: Entrée CIMENCAM - Barrier (Tradex Ahala) | V20: 12 | W20: 4.5 | X20: 6:32 | Y20: 13 | AA20: =$G$6*W20*'Vehicle Infos'!$L$29 -> 6.015246
C21: Total Ngoussou -Mobil Omnisport | D21: 11 | E21: 1 | F21: 6:20 | G21: 6 | I21: =$D$6*E21*'Vehicle Infos'!$L$10 -> 10.042916 | L21: Carrefour Nkongoa - Carrefour Monti | M21: 15.5 | N21: 3.5 | O21: 6:25 | P21: 5 | R21: =$F$6*N21*'Vehicle Infos'!$L$21 -> 8.909026 | U21: Total | W21: =SUM(W16:W20) -> 12 | Y21: =SUM(Y16:Y20) -> 32 | AA21: =$G$6*W21*'Vehicle Infos'!$L$29 -> 16.040656
C22: Mobil Omnisport -Texaco Omnisport | D22: 12 | E22: 1 | F22: 6:23 | G22: 3 | I22: =$D$6*E22*'Vehicle Infos'!$L$10 -> 10.042916 | L22: Carrefour Monti - Hawai Escallier | M22: 18.5 | N22: 3 | O22: 6:30 | P22: 5 | R22: =$F$6*N22*'Vehicle Infos'!$L$21 -> 7.636308
C23: Texaco Omnisport -Total Mfouda | D23: 14 | E23: 2 | F23: 6:27 | G23: 4 | I23: =$D$6*E23*'Vehicle Infos'!$L$10 -> 20.085832 | L23: Total | N23: =SUM(N16:N22) -> 18.5 | P23: =SUM(P17:P22) -> 30 | R23: =$F$6*N23*'Vehicle Infos'!$L$21 -> 47.090566
C24: Total Mfouda-Mobil Elig-Essono | D24: 14.5 | E24: 0.5 | F24: 6:29 | G24: 2 | I24: =$D$6*E24*'Vehicle Infos'!$L$10 -> 5.021458
C25: Mobil Elig-Essono-Camair | D25: 15 | E25: 0.5 | F25: 6:30 | G25: 1 | I25: =$D$6*E25*'Vehicle Infos'!$L$10 -> 5.021458
C26: Total | E26: 15 | G26: =SUM(G17:G25) -> 30 | I26: =$D$6*E26*'Vehicle Infos'!$L$10 -> 150.64374
C29: Friday 7:00-10:00 Scenario | L29: Friday 7:00-10:00 Scenario | U29: Friday 7:00-10:00 Scenario
C30: Soa-Yaounde: Road Network Stretches | D30: Cummulative distance (Km) | E30: Distance per stretch | F30: Clock Time | G30: Average time Taken (min) | H30: Tier 1 Emissions (kg CO2) (Daily) | I30: Tier 2 Emissions (kg CO2) (Daily) | L30: Mfou-Yaounde: Road Network Stretches | M30: Cummulative distance (Km) | N30: Distance per stretch | O30: Clock Time | P30: Average time Taken (min) | Q30: Tier 1 Emissions (kg CO2) (Daily) | R30: Tier 2 Emissions (kg CO2) (Daily) | U30: Mbankomo-Yaounde: Road Network Stretches | V30: Cummulative distance (Km) | W30: Distance per stretch | X30: Clock Time | Y30: Average time Taken (min) | Z30: Tier 1 Emissions (kg CO2) (Daily) | AA30: Tier 2 Emissions (kg CO2) (Daily)
C31: Soa Centre | D31: 0 | E31: 0 | F31: 7:30 | H31: =D7*D3*'Vehicle Infos'!K10 -> 1256.1 | I31: =$D$7*E31*'Vehicle Infos'!$L$10 -> 0 | L31: Marche Mfou | M31: 0 | N31: 0 | O31: 7:00 | P31: 0 | Q31: =F7*F3*'Vehicle Infos'!K21 -> 773.9919 | R31: =$F$7*N31*'Vehicle Infos'!$L$21 -> 0 | U31: Green oil | V31: 0 | W31: 0 | X31: 7:00 | Y31: 0 | Z31: =G7*G3*'Vehicle Infos'!K29 -> 427.68 | AA31: =$G$7*W31*'Vehicle Infos'!$L$29 -> 0
C32: Soa Centre -Vallée vert | D32: 7.5 | E32: 7.5 | F32: 7:37 | G32: 7 | I32: =$D$7*E32*'Vehicle Infos'!$L$10 -> 305.15014 | L32: Marche Mfou - Gare Mfou | M32: 1 | N32: 1 | O32: 7:02 | P32: 2 | R32: =$F$7*N32*'Vehicle Infos'!$L$21 -> 13.454447 | U32: Green oil - Entrée Ngoumou | V32: 3 | W32: 3 | X32: 7:05 | Y32: 5 | AA32: =$G$7*W32*'Vehicle Infos'!$L$29 -> 27.068607
C33: Vallée vert -Petite marché | D33: 8 | E33: 0.5 | F33: 7:40 | G33: 3 | I33: =$D$7*E33*'Vehicle Infos'!$L$10 -> 20.343343 | L33: Gare Mfou - Gustave Eiffel | M33: 2.5 | N33: 1.5 | O33: 7:07 | P33: 5 | R33: =$F$7*N33*'Vehicle Infos'!$L$21 -> 20.181671 | U33: Entrée Ngoumou - Carrefour Nomayos | V33: 5.5 | W33: 2.5 | X33: 7:12 | Y33: 7 | AA33: =$G$7*W33*'Vehicle Infos'!$L$29 -> 22.557173
C34: Petite marché-Eleveur | D34: 9 | E34: 1 | F34: 7:46 | G34: 6 | I34: =$D$7*E34*'Vehicle Infos'!$L$10 -> 40.686685 | L34: Gustave Eiffel - Entrée EP Meyo | M34: 9 | N34: 6.5 | O34: 7:17 | P34: 10 | R34: =$F$7*N34*'Vehicle Infos'!$L$21 -> 87.453908 | U34: Carrefour Nomayos - Entrée CIMENCAM | V34: 7.5 | W34: 2 | X34: 7:23 | Y34: 11 | AA34: =$G$7*W34*'Vehicle Infos'!$L$29 -> 18.045738
C35: Eleveur-Total Ngoussou | D35: 10 | E35: 1 | F35: 7:53 | G35: 7 | I35: =$D$7*E35*'Vehicle Infos'!$L$10 -> 40.686685 | L35: Entrée EP Meyo - Carrefour Nkongoa | M35: 12 | N35: 3 | O35: 7:23 | P35: 6 | R35: =$F$7*N35*'Vehicle Infos'!$L$21 -> 40.363342 | U35: Entrée CIMENCAM - Barrier (Tradex Ahala) | V35: 12 | W35: 4.5 | X35: 7:47 | Y35: 24 | AA35: =$G$7*W35*'Vehicle Infos'!$L$29 -> 40.602911
C36: Total Ngoussou -Mobil Omnisport | D36: 11 | E36: 1 | F36: 8:04 | G36: 11 | I36: =$D$7*E36*'Vehicle Infos'!$L$10 -> 40.686685 | L36: Carrefour Nkongoa - Carrefour Monti | M36: 15.5 | N36: 3.5 | O36: 7:33 | P36: 10 | R36: =$F$7*N36*'Vehicle Infos'!$L$21 -> 47.090566 | U36: Total | W36: =SUM(W31:W35) -> 12 | Y36: =SUM(Y31:Y35) -> 47 | AA36: =$G$7*W36*'Vehicle Infos'!$L$29 -> 108.27443
C37: Mobil Omnisport -Texaco Omnisport | D37: 12 | E37: 1 | F37: 8:08 | G37: 4 | I37: =$D$7*E37*'Vehicle Infos'!$L$10 -> 40.686685 | L37: Carrefour Monti - Hawai Escallier | M37: 18.5 | N37: 3 | O37: 7:44 | P37: 11 | R37: =$F$7*N37*'Vehicle Infos'!$L$21 -> 40.363342
C38: Texaco Omnisport -Total Mfouda | D38: 14 | E38: 2 | F38: 8:14 | G38: 6 | I38: =$D$7*E38*'Vehicle Infos'!$L$10 -> 81.373371 | L38: Total | N38: =SUM(N31:N37) -> 18.5 | P38: =SUM(P32:P37) -> 44 | R38: =$F$7*N38*'Vehicle Infos'!$L$21 -> 248.90728
C39: Total Mfouda-Mobil Elig-Essono | D39: 14.5 | E39: 0.5 | F39: 8:17 | G39: 3 | I39: =$D$7*E39*'Vehicle Infos'!$L$10 -> 20.343343
C40: Mobil Elig-Essono-Camair | D40: 15 | E40: 0.5 | F40: 8:19 | G40: 2 | I40: =$D$7*E40*'Vehicle Infos'!$L$10 -> 20.343343
C41: Total | E41: 15 | G41: =SUM(G32:G40) -> 49 | I41: =$D$7*E41*'Vehicle Infos'!$L$10 -> 610.30028
C44: Friday 10:00-15:00 Scenario | L44: Friday 10:00-15:00 Scenario | U44: Friday 10:00-15:00 Scenario
C45: Soa-Yaounde: Road Network Stretches | D45: Cummulative distance (Km) | E45: Distance per stretch | F45: Clock Time | G45: Average time Taken (min) | H45: Tier 1 Emissions (kg CO2) (Daily) | I45: Tier 2 Emissions (kg CO2) (Daily) | L45: Mfou-Yaounde: Road Network Stretches | M45: Cummulative distance (Km) | N45: Distance per stretch | O45: Clock Time | P45: Average time Taken (min) | Q45: Tier 1 Emissions (kg CO2) (Daily) | R45: Tier 2 Emissions (kg CO2) (Daily) | U45: Mbankomo-Yaounde: Road Network Stretches | V45: Cummulative distance (Km) | W45: Distance per stretch | X45: Clock Time | Y45: Average time Taken (min) | Z45: Tier 1 Emissions (kg CO2) (Daily) | AA45: Tier 2 Emissions (kg CO2) (Daily)
C46: Soa Centre | D46: 0 | E46: 0 | F46: 11:30 | H46: =D8*D3*'Vehicle Infos'!K10 -> 2019.3 | I46: =$D$8*E46*'Vehicle Infos'!$L$10 -> 0 | L46: Marche Mfou | M46: 0 | N46: 0 | O46: 10:30 | Q46: =F8*F3*'Vehicle Infos'!K21 -> 889.04475 | R46: =$F$8*N46*'Vehicle Infos'!$L$21 -> 0 | U46: Green oil | V46: 0 | W46: 0 | X46: 10:30 | Y46: 0 | Z46: =G8*G3*'Vehicle Infos'!K29 -> 380.16 | AA46: =$G$8*W46*'Vehicle Infos'!$L$29 -> 0
C47: Soa Centre -Vallée vert | D47: 7.5 | E47: 7.5 | F47: 11:37 | G47: 7 | I47: =$D$8*E47*'Vehicle Infos'!$L$10 -> 490.55782 | L47: Marche Mfou - Gare Mfou | M47: 1 | N47: 1 | O47: 10:32 | P47: 2 | R47: =$F$8*N47*'Vehicle Infos'!$L$21 -> 15.454433 | U47: Green oil - Entrée Ngoumou | V47: 3 | W47: 3 | X47: 10:35 | Y47: 5 | AA47: =$G$8*W47*'Vehicle Infos'!$L$29 -> 24.060984
C48: Vallée vert -Petite marché | D48: 8 | E48: 0.5 | F48: 11:39 | G48: 2 | I48: =$D$8*E48*'Vehicle Infos'!$L$10 -> 32.703855 | L48: Gare Mfou - Gustave Eiffel | M48: 2.5 | N48: 1.5 | O48: 10:37 | P48: 5 | R48: =$F$8*N48*'Vehicle Infos'!$L$21 -> 23.181649 | U48: Entrée Ngoumou - Carrefour Nomayos | V48: 5.5 | W48: 2.5 | X48: 10:41 | Y48: 6 | AA48: =$G$8*W48*'Vehicle Infos'!$L$29 -> 20.05082
C49: Petite marché-Eleveur | D49: 9 | E49: 1 | F49: 11:42 | G49: 3 | I49: =$D$8*E49*'Vehicle Infos'!$L$10 -> 65.407709 | L49: Gustave Eiffel - Entrée EP Meyo | M49: 9 | N49: 6.5 | O49: 10:46 | P49: 9 | R49: =$F$8*N49*'Vehicle Infos'!$L$21 -> 100.45381 | U49: Carrefour Nomayos - Entrée CIMENCAM | V49: 7.5 | W49: 2 | X49: 10:48 | Y49: 7 | AA49: =$G$8*W49*'Vehicle Infos'!$L$29 -> 16.040656
C50: Eleveur-Total Ngoussou | D50: 10 | E50: 1 | F50: 11:45 | G50: 3 | I50: =$D$8*E50*'Vehicle Infos'!$L$10 -> 65.407709 | L50: Entrée EP Meyo - Carrefour Nkongoa | M50: 12 | N50: 3 | O50: 10:50 | P50: 4 | R50: =$F$8*N50*'Vehicle Infos'!$L$21 -> 46.363299 | U50: Entrée CIMENCAM - Barrier (Tradex Ahala) | V50: 12 | W50: 4.5 | X50: 11:01 | Y50: 13 | AA50: =$G$8*W50*'Vehicle Infos'!$L$29 -> 36.091476
C51: Total Ngoussou -Mobil Omnisport | D51: 11 | E51: 1 | F51: 11:52 | G51: 7 | I51: =$D$8*E51*'Vehicle Infos'!$L$10 -> 65.407709 | L51: Carrefour Nkongoa - Carrefour Monti | M51: 15.5 | N51: 3.5 | O51: 10:55 | P51: 5 | R51: =$F$8*N51*'Vehicle Infos'!$L$21 -> 54.090515 | U51: Total | W51: =SUM(W46:W50) -> 12 | Y51: =SUM(Y46:Y50) -> 31 | AA51: =$G$8*W51*'Vehicle Infos'!$L$29 -> 96.243936
C52: Mobil Omnisport -Texaco Omnisport | D52: 12 | E52: 1 | F52: 11:55 | G52: 3 | I52: =$D$8*E52*'Vehicle Infos'!$L$10 -> 65.407709 | L52: Carrefour Monti - Hawai Escallier | M52: 18.5 | N52: 3 | O52: 11:00 | P52: 5 | R52: =$F$8*N52*'Vehicle Infos'!$L$21 -> 46.363299
C53: Texaco Omnisport -Total Mfouda | D53: 14 | E53: 2 | F53: 12:00 | G53: 5 | I53: =$D$8*E53*'Vehicle Infos'!$L$10 -> 130.81542 | L53: Total | N53: =SUM(N46:N52) -> 18.5 | P53: =SUM(P47:P52) -> 30 | R53: =$F$8*N53*'Vehicle Infos'!$L$21 -> 285.90701
C54: Total Mfouda-Mobil Elig-Essono | D54: 14.5 | E54: 0.5 | F54: 12:02 | G54: 2 | I54: =$D$8*E54*'Vehicle Infos'!$L$10 -> 32.703855
C55: Mobil Elig-Essono-Camair | D55: 15 | E55: 0.5 | F55: 12:03 | G55: 1 | I55: =$D$8*E55*'Vehicle Infos'!$L$10 -> 32.703855
C56: Total | E56: 15 | G56: =SUM(G47:G55) -> 33 | I56: =$D$8*E56*'Vehicle Infos'!$L$10 -> 981.11564
C59: Friday 15:00-19:00 Scenario | L59: Friday 15:00-19:00 Scenario | U59: Friday 15:00-19:00 Scenario
C60: Soa-Yaounde: Road Network Stretches | D60: Cummulative distance (Km) | E60: Distance per stretch | F60: Clock Time | G60: Average time Taken (min) | H60: Tier 1 Emissions (kg CO2) (Daily) | I60: Tier 2 Emissions (kg CO2) (Daily) | L60: Mfou-Yaounde: Road Network Stretches | M60: Cummulative distance (Km) | N60: Distance per stretch | O60: Clock Time | P60: Average time Taken (min) | Q60: Tier 1 Emissions (kg CO2) (Daily) | R60: Tier 2 Emissions (kg CO2) (Daily) | U60: Mbankomo-Yaounde: Road Network Stretches | V60: Cummulative distance (Km) | W60: Distance per stretch | X60: Clock Time | Y60: Average time Taken (min) | Z60: Tier 1 Emissions (kg CO2) (Daily) | AA60: Tier 2 Emissions (kg CO2) (Daily)
C61: Soa Centre | D61: 0 | E61: 0 | F61: 15:30 | H61: =D9*D3*'Vehicle Infos'!K10 -> 1184.55 | I61: =$D$9*E61*'Vehicle Infos'!$L$10 -> 0 | L61: Marche Mfou | M61: 0 | N61: 0 | O61: 15:00 | Q61: =F9*F3*'Vehicle Infos'!K21 -> 868.12605 | R61: =$F$9*N61*'Vehicle Infos'!$L$21 -> 0 | U61: Green oil | V61: 0 | W61: 0 | X61: 15:00 | Y61: 0 | Z61: =G9*G3*'Vehicle Infos'!K29 -> 237.6 | AA61: =$G$9*W61*'Vehicle Infos'!$L$29 -> 0
C62: Soa Centre -Vallée vert | D62: 7.5 | E62: 7.5 | F62: 15:37 | G62: 7 | I62: =$D$9*E62*'Vehicle Infos'!$L$10 -> 287.76817 | L62: Marche Mfou - Gare Mfou | M62: 1 | N62: 1 | O62: 15:02 | P62: 2 | R62: =$F$9*N62*'Vehicle Infos'!$L$21 -> 15.090799 | U62: Green oil - Entrée Ngoumou | V62: 3 | W62: 3 | X62: 15:05 | Y62: 5 | AA62: =$G$9*W62*'Vehicle Infos'!$L$29 -> 15.038115
C63: Vallée vert -Petite marché | D63: 8 | E63: 0.5 | F63: 15:39 | G63: 2 | I63: =$D$9*E63*'Vehicle Infos'!$L$10 -> 19.184545 | L63: Gare Mfou - Gustave Eiffel | M63: 2.5 | N63: 1.5 | O63: 15:06 | P63: 4 | R63: =$F$9*N63*'Vehicle Infos'!$L$21 -> 22.636199 | U63: Entrée Ngoumou - Carrefour Nomayos | V63: 5.5 | W63: 2.5 | X63: 15:13 | Y63: 8 | AA63: =$G$9*W63*'Vehicle Infos'!$L$29 -> 12.531763
C64: Petite marché-Eleveur | D64: 9 | E64: 1 | F64: 15:42 | G64: 3 | I64: =$D$9*E64*'Vehicle Infos'!$L$10 -> 38.369089 | L64: Gustave Eiffel - Entrée EP Meyo | M64: 9 | N64: 6.5 | O64: 15:16 | P64: 10 | R64: =$F$9*N64*'Vehicle Infos'!$L$21 -> 98.090194 | U64: Carrefour Nomayos - Entrée CIMENCAM | V64: 7.5 | W64: 2 | X64: 15:25 | Y64: 11 | AA64: =$G$9*W64*'Vehicle Infos'!$L$29 -> 10.02541
C65: Eleveur-Total Ngoussou | D65: 10 | E65: 1 | F65: 15:46 | G65: 4 | I65: =$D$9*E65*'Vehicle Infos'!$L$10 -> 38.369089 | L65: Entrée EP Meyo - Carrefour Nkongoa | M65: 12 | N65: 3 | O65: 15:21 | P65: 5 | R65: =$F$9*N65*'Vehicle Infos'!$L$21 -> 45.272397 | U65: Entrée CIMENCAM - Barrier (Tradex Ahala) | V65: 12 | W65: 4.5 | X65: 15:52 | Y65: 28 | AA65: =$G$9*W65*'Vehicle Infos'!$L$29 -> 22.557173
C66: Total Ngoussou -Mobil Omnisport | D66: 11 | E66: 1 | F66: 16:55 | G66: 9 | I66: =$D$9*E66*'Vehicle Infos'!$L$10 -> 38.369089 | L66: Carrefour Nkongoa - Carrefour Monti | M66: 15.5 | N66: 3.5 | O66: 15:29 | P66: 8 | R66: =$F$9*N66*'Vehicle Infos'!$L$21 -> 52.817797 | U66: Total | W66: =SUM(W61:W65) -> 12 | Y66: =SUM(Y61:Y65) -> 52 | AA66: =$G$9*W66*'Vehicle Infos'!$L$29 -> 60.15246
C67: Mobil Omnisport -Texaco Omnisport | D67: 12 | E67: 1 | F67: 16:58 | G67: 3 | I67: =$D$9*E67*'Vehicle Infos'!$L$10 -> 38.369089 | L67: Carrefour Monti - Hawai Escallier | M67: 18.5 | N67: 3 | O67: 15:39 | P67: 10 | R67: =$F$9*N67*'Vehicle Infos'!$L$21 -> 45.272397
C68: Texaco Omnisport -Total Mfouda | D68: 14 | E68: 2 | F68: 16:05 | G68: 7 | I68: =$D$9*E68*'Vehicle Infos'!$L$10 -> 76.738179 | L68: Total | N68: =SUM(N61:N67) -> 18.5 | P68: =SUM(P62:P67) -> 39 | R68: =$F$9*N68*'Vehicle Infos'!$L$21 -> 279.17978
C69: Total Mfouda-Mobil Elig-Essono | D69: 14.5 | E69: 0.5 | F69: 16:08 | G69: 3 | I69: =$D$9*E69*'Vehicle Infos'!$L$10 -> 19.184545
C70: Mobil Elig-Essono-Camair | D70: 15 | E70: 0.5 | F70: 16:10 | G70: 2 | I70: =$D$9*E70*'Vehicle Infos'!$L$10 -> 19.184545
C71: Total | E71: 15 | G71: =SUM(G62:G70) -> 40 | I71: =$D$9*E71*'Vehicle Infos'!$L$10 -> 575.53634
C74: Friday 19:00-22:00 Scenario | L74: Friday 19:00-22:00 Scenario | U74: Friday 19:00-22:00 Scenario
C75: Soa-Yaounde: Road Network Stretches | D75: Cummulative distance (Km) | E75: Distance per stretch | F75: Clock Time | G75: Average time Taken (min) | H75: Tier 1 Emissions (kg CO2) (Daily) | I75: Tier 2 Emissions (kg CO2) (Daily) | L75: Mfou-Yaounde: Road Network Stretches | M75: Cummulative distance (Km) | N75: Distance per stretch | O75: Clock Time | P75: Average time Taken (min) | Q75: Tier 1 Emissions (kg CO2) (Daily) | R75: Tier 2 Emissions (kg CO2) (Daily) | U75: Mbankomo-Yaounde: Road Network Stretches | V75: Cummulative distance (Km) | W75: Distance per stretch | X75: Clock Time | Y75: Average time Taken (min) | Z75: Tier 1 Emissions (kg CO2) (Daily) | AA75: Tier 2 Emissions (kg CO2) (Daily)
C76: Soa Centre | D76: 0 | E76: 0 | F76: 19:00 | H76: =D10*D3*'Vehicle Infos'!K10 -> 946.05 | I76: =$D$10*E76*'Vehicle Infos'!$L$10 -> 0 | L76: Marche Mfou | M76: 0 | N76: 0 | O76: 21:00 | Q76: =F10*F3*'Vehicle Infos'!K21 -> 261.48375 | R76: =$F$10*N76*'Vehicle Infos'!$L$21 -> 0 | U76: Green oil | V76: 0 | W76: 0 | X76: 21:00 | Y76: 0 | Z76: =G10*G3*'Vehicle Infos'!K29 -> 198 | AA76: =$G$10*W76*'Vehicle Infos'!$L$29 -> 0
C77: Soa Centre -Vallée vert | D77: 7.5 | E77: 7.5 | F77: 19:07 | G77: 7 | I77: =$D$10*E77*'Vehicle Infos'!$L$10 -> 229.82827 | L77: Marche Mfou - Gare Mfou | M77: 1 | N77: 1 | O77: 21:02 | P77: 2 | R77: =$F$10*N77*'Vehicle Infos'!$L$21 -> 4.5454214 | U77: Green oil - Entrée Ngoumou | V77: 3 | W77: 3 | X77: 21:06 | Y77: 6 | AA77: =$G$10*W77*'Vehicle Infos'!$L$29 -> 12.531763
C78: Vallée vert -Petite marché | D78: 8 | E78: 0.5 | F78: 19:09 | G78: 2 | I78: =$D$10*E78*'Vehicle Infos'!$L$10 -> 15.321885 | L78: Gare Mfou - Gustave Eiffel | M78: 2.5 | N78: 1.5 | O78: 21:06 | P78: 4 | R78: =$F$10*N78*'Vehicle Infos'!$L$21 -> 6.8181321 | U78: Entrée Ngoumou - Carrefour Nomayos | V78: 5.5 | W78: 2.5 | X78: 21:12 | Y78: 6 | AA78: =$G$10*W78*'Vehicle Infos'!$L$29 -> 10.443135
C79: Petite marché-Eleveur | D79: 9 | E79: 1 | F79: 19:11 | G79: 2 | I79: =$D$10*E79*'Vehicle Infos'!$L$10 -> 30.643769 | L79: Gustave Eiffel - Entrée EP Meyo | M79: 9 | N79: 6.5 | O79: 21:15 | P79: 9 | R79: =$F$10*N79*'Vehicle Infos'!$L$21 -> 29.545239 | U79: Carrefour Nomayos - Entrée CIMENCAM | V79: 7.5 | W79: 2 | X79: 21:20 | Y79: 8 | AA79: =$G$10*W79*'Vehicle Infos'!$L$29 -> 8.3545083
C80: Eleveur-Total Ngoussou | D80: 10 | E80: 1 | F80: 19:15 | G80: 4 | I80: =$D$10*E80*'Vehicle Infos'!$L$10 -> 30.643769 | L80: Entrée EP Meyo - Carrefour Nkongoa | M80: 12 | N80: 3 | O80: 21:20 | P80: 5 | R80: =$F$10*N80*'Vehicle Infos'!$L$21 -> 13.636264 | U80: Entrée CIMENCAM - Barrier (Tradex Ahala) | V80: 12 | W80: 4.5 | X80: 21:38 | Y80: 18 | AA80: =$G$10*W80*'Vehicle Infos'!$L$29 -> 18.797644
C81: Total Ngoussou -Mobil Omnisport | D81: 11 | E81: 1 | F81: 19:21 | G81: 6 | I81: =$D$10*E81*'Vehicle Infos'!$L$10 -> 30.643769 | L81: Carrefour Nkongoa - Carrefour Monti | M81: 15.5 | N81: 3.5 | O81: 21:25 | P81: 5 | R81: =$F$10*N81*'Vehicle Infos'!$L$21 -> 15.908975 | U81: Total | W81: =SUM(W76:W80) -> 12 | Y81: =SUM(Y76:Y80) -> 38 | AA81: =$G$10*W81*'Vehicle Infos'!$L$29 -> 50.12705
C82: Mobil Omnisport -Texaco Omnisport | D82: 12 | E82: 1 | F82: 19:24 | G82: 3 | I82: =$D$10*E82*'Vehicle Infos'!$L$10 -> 30.643769 | L82: Carrefour Monti - Hawai Escallier | M82: 18.5 | N82: 3 | O82: 21:31 | P82: 6 | R82: =$F$10*N82*'Vehicle Infos'!$L$21 -> 13.636264
C83: Texaco Omnisport -Total Mfouda | D83: 14 | E83: 2 | F83: 19:29 | G83: 5 | I83: =$D$10*E83*'Vehicle Infos'!$L$10 -> 61.287539 | L83: Total | N83: =SUM(N76:N82) -> 18.5 | P83: 31 | R83: =$F$10*N83*'Vehicle Infos'!$L$21 -> 84.090296
C84: Total Mfouda-Mobil Elig-Essono | D84: 14.5 | E84: 0.5 | F84: 19:31 | G84: 2 | I84: =$D$10*E84*'Vehicle Infos'!$L$10 -> 15.321885
C85: Mobil Elig-Essono-Camair | D85: 15 | E85: 0.5 | F85: 19:32 | G85: 1 | I85: =$D$10*E85*'Vehicle Infos'!$L$10 -> 15.321885
C86: Total | E86: 15 | G86: =SUM(G77:G85) -> 32 | I86: =$D$10*E86*'Vehicle Infos'!$L$10 -> 459.65654

Sheet Saturday Est.
D2: Soa | F2: Mfou | G2: Mbankomo | H2: Unit
B3: Fuel consumed on total stretch | C3: Toyota | D3: 2.5 | F3: 3.3 | G3: 2.5 | H3: litres
C4: Mercedes | D4: 3 | H4: litres
B5: Number of buses | C5: Time frame | D5: Number of Vehicles
C6: 06:00 - 07:00 | D6: =27+7 -> 34 | F6: 14 | G6: 12
C7: 07:00 - 10:00 | D7: =59+36 -> 95 | F7: 49 | G7: 41
C8: 10:00 - 15:00 | D8: =120+96 -> 216 | F8: 61 | G8: 39
C9: 15:00 - 19:00 | D9: =36+22 -> 58 | F9: 41 | G9: 29
C10: 19:00 - 22:00 | D10: =21+8 -> 29 | F10: 21 | G10: 21
C11: Number of days in a year | D11: 365
C14: Saturday 6:00-7:00 Scenario | H14: Daily Tail Pipe Emissions | L14: Saturday 6:00-7:00 Scenario | U14: Saturday 6:00-7:00 Scenario | AD14: Annual Tailpipe Emissions in kg CO2 (Tier 1)
C15: Soa-Yaounde: Road Network Stretches | D15: Cummulative distance (Km) | E15: Distance per stretch | F15: Clock Time | G15: Average time Taken (min) | H15: Tier 1 Emissions (kg CO2) (Daily) | I15: Tier 2 Emissions (kg CO2) (Daily) | L15: Mfou-Yaounde: Road Network Stretches | M15: Cummulative distance (Km) | N15: Distance per stretch | O15: Clock Time | P15: Average time Taken (min) | Q15: Tier 1 Emissions (kg CO2) (Daily) | R15: Tier 2 Emissions (kg CO2) (Daily) | U15: Mbankomo-Yaounde: Road Network Stretches | V15: Cummulative distance (Km) | W15: Distance per stretch | X15: Clock Time | Y15: Average time Taken (min) | Z15: Tier 1 Emissions (kg CO2) (Daily) | AA15: Tier 2 Emissions (kg CO2) (Daily) | AE15: 6:00 - 7:00 | AF15: 7:00 - 10:00 | AG15: 10:00 - 15:00 | AH15: 15:00 - 19:00 | AI15: 19:00 - 22:00 | AJ15: TOTAL
C16: Soa Centre | D16: 0 | E16: 0 | F16: 6:00 | H16: =D6*D3*'Vehicle Infos'!K10 -> 270.3 | I16: =$D$6*E16*'Vehicle Infos'!$L$10 -> 0 | L16: Marche Mfou | M16: 0 | N16: 0 | O16: 6:00 | Q16: =F6*F3*'Vehicle Infos'!K21 -> 146.4309 | R16: =$F$6*N16*'Vehicle Infos'!$L$21 -> 0 | U16: Green oil | V16: 0 | W16: 0 | X16: 6:00 | Y16: 0 | Z16: =G6*G3*'Vehicle Infos'!K29 -> 95.04 | AA16: =$G$6*W16*'Vehicle Infos'!$L$29 -> 0 | AD16: Saturday | AE16: =SUM(H16:H25)*D11 -> 98659.5 | AF16: =SUM(H32:H41)*D11 -> 275666.25 | AG16: =SUM(H48:H57)*D11 -> 626778 | AH16: =SUM(H64:H73)*D11 -> 168301.5 | AI16: =SUM(H80:H89)*D11 -> 84150.75 | AJ16: =SUM(AE16:AI16) -> 1253556
C17: Soa Centre -Vallée vert | D17: 7.5 | E17: 7.5 | F17: 6:07 | G17: 7 | I17: =$D$6*E17*'Vehicle Infos'!$L$10 -> 65.66522 | L17: Marche Mfou - Gare Mfou | M17: 1 | N17: 1 | O17: 6:02 | P17: 2 | R17: =$F$6*N17*'Vehicle Infos'!$L$21 -> 2.545436 | U17: Green oil - Entrée Ngoumou | V17: 3 | W17: 3 | X17: 6:04 | Y17: 4 | AA17: =$G$6*W17*'Vehicle Infos'!$L$29 -> 6.015246
C18: Vallée vert -Petite marché | D18: 8 | E18: 0.5 | F18: 6:09 | G18: 2 | I18: =$D$6*E18*'Vehicle Infos'!$L$10 -> 4.3776813 | L18: Gare Mfou - Gustave Eiffel | M18: 2.5 | N18: 1.5 | O18: 6:07 | P18: 5 | R18: =$F$6*N18*'Vehicle Infos'!$L$21 -> 3.818154 | U18: Entrée Ngoumou - Carrefour Nomayos | V18: 5.5 | W18: 2.5 | X18: 6:10 | Y18: 6 | AA18: =$G$6*W18*'Vehicle Infos'!$L$29 -> 5.012705
C19: Petite marché-Eleveur | D19: 9 | E19: 1 | F19: 6:11 | G19: 2 | I19: =$D$6*E19*'Vehicle Infos'!$L$10 -> 8.7553627 | L19: Gustave Eiffel - Entrée EP Meyo | M19: 9 | N19: 6.5 | O19: 6:16 | P19: 9 | R19: =$F$6*N19*'Vehicle Infos'!$L$21 -> 16.545334 | U19: Carrefour Nomayos - Entrée CIMENCAM | V19: 7.5 | W19: 2 | X19: 6:19 | Y19: 9 | AA19: =$G$6*W19*'Vehicle Infos'!$L$29 -> 4.010164
C20: Eleveur-Total Ngoussou | D20: 10 | E20: 1 | F20: 6:14 | G20: 3 | I20: =$D$6*E20*'Vehicle Infos'!$L$10 -> 8.7553627 | L20: Entrée EP Meyo - Carrefour Nkongoa | M20: 12 | N20: 3 | O20: 6:20 | P20: 4 | R20: =$F$6*N20*'Vehicle Infos'!$L$21 -> 7.636308 | U20: Entrée CIMENCAM - Barrier (Tradex Ahala) | V20: 12 | W20: 4.5 | X20: 6:332 | Y20: 13 | AA20: =$G$6*W20*'Vehicle Infos'!$L$29 -> 9.022869
C21: Total Ngoussou -Mobil Omnisport | D21: 11 | E21: 1 | F21: 6:54 | G21: 10 | I21: =$D$6*E21*'Vehicle Infos'!$L$10 -> 8.7553627 | L21: Carrefour Nkongoa - Carrefour Monti | M21: 15.5 | N21: 3.5 | O21: 6:25 | P21: 5 | R21: =$F$6*N21*'Vehicle Infos'!$L$21 -> 8.909026 | U21: Total | W21: =SUM(W16:W20) -> 12 | Y21: =SUM(Y16:Y20) -> 32 | AA21: =$G$6*W21*'Vehicle Infos'!$L$29 -> 24.060984
C22: Mobil Omnisport -Texaco Omnisport | D22: 12 | E22: 1 | F22: 6:57 | G22: 3 | I22: =$D$6*E22*'Vehicle Infos'!$L$10 -> 8.7553627 | L22: Carrefour Monti - Hawai Escallier | M22: 18.5 | N22: 3 | O22: 6:30 | P22: 5 | R22: =$F$6*N22*'Vehicle Infos'!$L$21 -> 7.636308
C23: Texaco Omnisport -Total Mfouda | D23: 14 | E23: 2 | F23: 7:00 | G23: 3 | I23: =$D$6*E23*'Vehicle Infos'!$L$10 -> 17.510725 | L23: Total | N23: =SUM(N16:N22) -> 18.5 | P23: =SUM(P17:P22) -> 30 | R23: =$F$6*N23*'Vehicle Infos'!$L$21 -> 47.090566
C24: Total Mfouda-Mobil Elig-Essono | D24: 14.5 | E24: 0.5 | F24: 7:02 | G24: 2 | I24: =$D$6*E24*'Vehicle Infos'!$L$10 -> 4.3776813
C25: Mobil Elig-Essono-Camair | D25: 15 | E25: 0.5 | F25: 7:03 | G25: 1 | I25: =$D$6*E25*'Vehicle Infos'!$L$10 -> 4.3776813
C26: Total | E26: 15 | G26: =SUM(G17:G25) -> 33 | I26: =$D$6*E26*'Vehicle Infos'!$L$10 -> 131.33044
C30: Saturday 7:00-10:00 Scenario | L30: Saturday 7:00-10:00 Scenario | U30: Saturday 7:00-10:00 Scenario
C31: Soa-Yaounde: Road Network Stretches | D31: Cummulative distance (Km) | E31: Distance per stretch | F31: Clock Time | G31: Average time Taken (min) | H31: Tier 1 Emissions (kg CO2) (Daily) | I31: Tier 2 Emissions (kg CO2) (Daily) | L31: Mfou-Yaounde: Road Network Stretches | M31: Cummulative distance (Km) | N31: Distance per stretch | O31: Clock Time | P31: Average time Taken (min) | Q31: Tier 1 Emissions (kg CO2) (Daily) | R31: Tier 2 Emissions (kg CO2) (Daily) | U31: Mbankomo-Yaounde: Road Network Stretches | V31: Cummulative distance (Km) | W31: Distance per stretch | X31: Clock Time | Y31: Average time Taken (min) | Z31: Tier 1 Emissions (kg CO2) (Daily) | AA31: Tier 2 Emissions (kg CO2) (Daily)
C32: Soa Centre | D32: 0 | E32: 0 | F32: 7.30 | H32: =D7*D3*'Vehicle Infos'!K10 -> 755.25 | I32: =$D$7*E32*'Vehicle Infos'!$L$10 -> 0 | L32: Marche Mfou | M32: 0 | N32: 0 | O32: 7:20 | Q32: =F7*F3*'Vehicle Infos'!K21 -> 512.50815 | R32: =$F$7*N32*'Vehicle Infos'!$L$21 -> 0 | U32: Green oil | V32: 0 | W32: 0 | X32: 7:30 | Y32: 0 | Z32: =G7*G3*'Vehicle Infos'!K29 -> 324.72 | AA32: =$G$7*W32*'Vehicle Infos'!$L$29 -> 0
C33: Soa Centre -Vallée vert | D33: 7.5 | E33: 7.5 | F33: 7:37 | G33: 7 | I33: =$D$7*E33*'Vehicle Infos'!$L$10 -> 183.47635 | L33: Marche Mfou - Gare Mfou | M33: 1 | N33: 1 | O33: 7:22 | P33: 2 | R33: =$F$7*N33*'Vehicle Infos'!$L$21 -> 8.909026 | U33: Green oil - Entrée Ngoumou | V33: 3 | W33: 3 | X33: 7:35 | Y33: 5 | AA33: =$G$7*W33*'Vehicle Infos'!$L$29 -> 20.552091
C34: Vallée vert -Petite marché | D34: 8 | E34: 0.5 | F34: 7:40 | G34: 3 | I34: =$D$7*E34*'Vehicle Infos'!$L$10 -> 12.231757 | L34: Gare Mfou - Gustave Eiffel | M34: 2.5 | N34: 1.5 | O34: 7:27 | P34: 5 | R34: =$F$7*N34*'Vehicle Infos'!$L$21 -> 13.363539 | U34: Entrée Ngoumou - Carrefour Nomayos | V34: 5.5 | W34: 2.5 | X34: 7:42 | Y34: 7 | AA34: =$G$7*W34*'Vehicle Infos'!$L$29 -> 17.126742
C35: Petite marché-Eleveur | D35: 9 | E35: 1 | F35: 7:44 | G35: 4 | I35: =$D$7*E35*'Vehicle Infos'!$L$10 -> 24.463513 | L35: Gustave Eiffel - Entrée EP Meyo | M35: 9 | N35: 6.5 | O35: 7:36 | P35: 9 | R35: =$F$7*N35*'Vehicle Infos'!$L$21 -> 57.908669 | U35: Carrefour Nomayos - Entrée CIMENCAM | V35: 7.5 | W35: 2 | X35: 7:52 | Y35: 10 | AA35: =$G$7*W35*'Vehicle Infos'!$L$29 -> 13.701394
C36: Eleveur-Total Ngoussou | D36: 10 | E36: 1 | F36: 7:50 | G36: 6 | I36: =$D$7*E36*'Vehicle Infos'!$L$10 -> 24.463513 | L36: Entrée EP Meyo - Carrefour Nkongoa | M36: 12 | N36: 3 | O36: 7:40 | P36: 4 | R36: =$F$7*N36*'Vehicle Infos'!$L$21 -> 26.727078 | U36: Entrée CIMENCAM - Barrier (Tradex Ahala) | V36: 12 | W36: 4.5 | X36: 8:16 | Y36: 24 | AA36: =$G$7*W36*'Vehicle Infos'!$L$29 -> 30.828136
C37: Total Ngoussou -Mobil Omnisport | D37: 11 | E37: 1 | F37: 7:59 | G37: 9 | I37: =$D$7*E37*'Vehicle Infos'!$L$10 -> 24.463513 | L37: Carrefour Nkongoa - Carrefour Monti | M37: 15.5 | N37: 3.5 | O37: 7:44 | P37: 4 | R37: =$F$7*N37*'Vehicle Infos'!$L$21 -> 31.181591 | U37: Total | W37: =SUM(W32:W36) -> 12 | Y37: =SUM(Y32:Y36) -> 46 | AA37: =$G$7*W37*'Vehicle Infos'!$L$29 -> 82.208362
C38: Mobil Omnisport -Texaco Omnisport | D38: 12 | E38: 1 | F38: 8:03 | G38: 4 | I38: =$D$7*E38*'Vehicle Infos'!$L$10 -> 24.463513 | L38: Carrefour Monti - Hawai Escallier | M38: 18.5 | N38: 3 | O38: 7:50 | P38: 6 | R38: =$F$7*N38*'Vehicle Infos'!$L$21 -> 26.727078
C39: Texaco Omnisport -Total Mfouda | D39: 14 | E39: 2 | F39: 8:09 | G39: 6 | I39: =$D$7*E39*'Vehicle Infos'!$L$10 -> 48.927027 | L39: Total | N39: =SUM(N32:N38) -> 18.5 | P39: =SUM(P33:P38) -> 30 | R39: =$F$7*N39*'Vehicle Infos'!$L$21 -> 164.81698
C40: Total Mfouda-Mobil Elig-Essono | D40: 14.5 | E40: 0.5 | F40: 8:11 | G40: 2 | I40: =$D$7*E40*'Vehicle Infos'!$L$10 -> 12.231757
C41: Mobil Elig-Essono-Camair | D41: 15 | E41: 0.5 | F41: 8:12 | G41: 1 | I41: =$D$7*E41*'Vehicle Infos'!$L$10 -> 12.231757
C42: Total | E42: 15 | G42: =SUM(G33:G41) -> 42 | I42: =$D$7*E42*'Vehicle Infos'!$L$10 -> 366.9527
C46: Saturday 10:00-15:00 Scenario | L46: Saturday 10:00-15:00 Scenario | U46: Saturday 10:00-15:00 Scenario
C47: Soa-Yaounde: Road Network Stretches | D47: Cummulative distance (Km) | E47: Distance per stretch | F47: Clock Time | G47: Average time Taken (min) | H47: Tier 1 Emissions (kg CO2) (Daily) | I47: Tier 2 Emissions (kg CO2) (Daily) | L47: Mfou-Yaounde: Road Network Stretches | M47: Cummulative distance (Km) | N47: Distance per stretch | O47: Clock Time | P47: Average time Taken (min) | Q47: Tier 1 Emissions (kg CO2) (Daily) | R47: Tier 2 Emissions (kg CO2) (Daily) | U47: Mbankomo-Yaounde: Road Network Stretches | V47: Cummulative distance (Km) | W47: Distance per stretch | X47: Clock Time | Y47: Average time Taken (min) | Z47: Tier 1 Emissions (kg CO2) (Daily) | AA47: Tier 2 Emissions (kg CO2) (Daily)
C48: Soa Centre | D48: 0 | E48: 0 | F48: 10:30 | H48: =D8*D3*'Vehicle Infos'!K10 -> 1717.2 | I48: =$D$8*E48*'Vehicle Infos'!$L$10 -> 0 | L48: Marche Mfou | M48: 0 | N48: 0 | O48: 11:30 | Q48: =F8*F3*'Vehicle Infos'!K21 -> 638.02035 | R48: =$F$8*N48*'Vehicle Infos'!$L$21 -> 0 | U48: Green oil | V48: 0 | W48: 0 | X48: 11:30 | Y48: 0 | Z48: =G8*G3*'Vehicle Infos'!K29 -> 308.88 | AA48: =$G$8*W48*'Vehicle Infos'!$L$29 -> 0
C49: Soa Centre -Vallée vert | D49: 7.5 | E49: 7.5 | F49: 10:37 | G49: 7 | I49: =$D$8*E49*'Vehicle Infos'!$L$10 -> 417.16728 | L49: Marche Mfou - Gare Mfou | M49: 1 | N49: 1 | O49: 11:32 | P49: 2 | R49: =$F$8*N49*'Vehicle Infos'!$L$21 -> 11.090828 | U49: Green oil - Entrée Ngoumou | V49: 3 | W49: 3 | X49: 11:35 | Y49: 5 | AA49: =$G$8*W49*'Vehicle Infos'!$L$29 -> 19.54955
C50: Vallée vert -Petite marché | D50: 8 | E50: 0.5 | F50: 10:39 | G50: 2 | I50: =$D$8*E50*'Vehicle Infos'!$L$10 -> 27.811152 | L50: Gare Mfou - Gustave Eiffel | M50: 2.5 | N50: 1.5 | O50: 11:36 | P50: 4 | R50: =$F$8*N50*'Vehicle Infos'!$L$21 -> 16.636242 | U50: Entrée Ngoumou - Carrefour Nomayos | V50: 5.5 | W50: 2.5 | X50: 11:41 | Y50: 6 | AA50: =$G$8*W50*'Vehicle Infos'!$L$29 -> 16.291291
C51: Petite marché-Eleveur | D51: 9 | E51: 1 | F51: 10:43 | G51: 4 | I51: =$D$8*E51*'Vehicle Infos'!$L$10 -> 55.622304 | L51: Gustave Eiffel - Entrée EP Meyo | M51: 9 | N51: 6.5 | O51: 11:45 | P51: 9 | R51: =$F$8*N51*'Vehicle Infos'!$L$21 -> 72.090384 | U51: Carrefour Nomayos - Entrée CIMENCAM | V51: 7.5 | W51: 2 | X51: 11:50 | Y51: 9 | AA51: =$G$8*W51*'Vehicle Infos'!$L$29 -> 13.033033
C52: Eleveur-Total Ngoussou | D52: 10 | E52: 1 | F52: 10:45 | G52: 2 | I52: =$D$8*E52*'Vehicle Infos'!$L$10 -> 55.622304 | L52: Entrée EP Meyo - Carrefour Nkongoa | M52: 12 | N52: 3 | O52: 11:49 | P52: 4 | R52: =$F$8*N52*'Vehicle Infos'!$L$21 -> 33.272485 | U52: Entrée CIMENCAM - Barrier (Tradex Ahala) | V52: 12 | W52: 4.5 | X52: 12:02 | Y52: 12 | AA52: =$G$8*W52*'Vehicle Infos'!$L$29 -> 29.324324
C53: Total Ngoussou -Mobil Omnisport | D53: 11 | E53: 1 | F53: 10::53 | G53: 8 | I53: =$D$8*E53*'Vehicle Infos'!$L$10 -> 55.622304 | L53: Carrefour Nkongoa - Carrefour Monti | M53: 15.5 | N53: 3.5 | O53: 11:54 | P53: 5 | R53: =$F$8*N53*'Vehicle Infos'!$L$21 -> 38.817899 | U53: Total | W53: =SUM(W48:W52) -> 12 | Y53: =SUM(Y48:Y52) -> 32 | AA53: =$G$8*W53*'Vehicle Infos'!$L$29 -> 78.198198
C54: Mobil Omnisport -Texaco Omnisport | D54: 12 | E54: 1 | F54: 10:57 | G54: 4 | I54: =$D$8*E54*'Vehicle Infos'!$L$10 -> 55.622304 | L54: Carrefour Monti - Hawai Escallier | M54: 18.5 | N54: 3 | O54: 12:00 | P54: 6 | R54: =$F$8*N54*'Vehicle Infos'!$L$21 -> 33.272485
C55: Texaco Omnisport -Total Mfouda | D55: 14 | E55: 2 | F55: 11:02 | G55: 5 | I55: =$D$8*E55*'Vehicle Infos'!$L$10 -> 111.24461 | L55: Total | N55: =SUM(N48:N54) -> 18.5 | P55: =SUM(P49:P54) -> 30 | R55: =$F$8*N55*'Vehicle Infos'!$L$21 -> 205.18032
C56: Total Mfouda-Mobil Elig-Essono | D56: 14.5 | E56: 0.5 | F56: 11:04 | G56: 2 | I56: =$D$8*E56*'Vehicle Infos'!$L$10 -> 27.811152
C57: Mobil Elig-Essono-Camair | D57: 15 | E57: 0.5 | F57: 11:05 | G57: 1 | I57: =$D$8*E57*'Vehicle Infos'!$L$10 -> 27.811152
C58: Total | E58: 15 | G58: =SUM(G49:G57) -> 35 | I58: =$D$8*E58*'Vehicle Infos'!$L$10 -> 834.33456
C62: Saturday 15:00-19:00 Scenario | L62: Saturday 15:00-19:00 Scenario | U62: Saturday 15:00-19:00 Scenario
C63: Soa-Yaounde: Road Network Stretches | D63: Cummulative distance (Km) | E63: Distance per stretch | F63: Clock Time | G63: Average time Taken (min) | H63: Tier 1 Emissions (kg CO2) (Daily) | I63: Tier 2 Emissions (kg CO2) (Daily) | L63: Mfou-Yaounde: Road Network Stretches | M63: Cummulative distance (Km) | N63: Distance per stretch | O63: Clock Time | P63: Average time Taken (min) | Q63: Tier 1 Emissions (kg CO2) (Daily) | R63: Tier 2 Emissions (kg CO2) (Daily) | U63: Mbankomo-Yaounde: Road Network Stretches | V63: Cummulative distance (Km) | W63: Distance per stretch | X63: Clock Time | Y63: Average time Taken (min) | Z63: Tier 1 Emissions (kg CO2) (Daily) | AA63: Tier 2 Emissions (kg CO2) (Daily)
C64: Soa Centre | D64: 0 | E64: 0 | F64: 15:30 | H64: =D9*D3*'Vehicle Infos'!K10 -> 461.1 | I64: =$D$9*E64*'Vehicle Infos'!$L$10 -> 0 | L64: Marche Mfou | M64: 0 | N64: 0 | O64: 15:00 | Q64: =F9*F3*'Vehicle Infos'!K21 -> 428.83335 | R64: =$F$9*N64*'Vehicle Infos'!$L$21 -> 0 | U64: Green oil | V64: 0 | W64: 0 | X64: 15:00 | Y64: 0 | Z64: =G9*G3*'Vehicle Infos'!K29 -> 229.68 | AA64: =$G$9*W64*'Vehicle Infos'!$L$29 -> 0
C65: Soa Centre -Vallée vert | D65: 7.5 | E65: 7.5 | F65: 15:37 | G65: 7 | I65: =$D$9*E65*'Vehicle Infos'!$L$10 -> 112.01714 | L65: Marche Mfou - Gare Mfou | M65: 1 | N65: 1 | O65: 15:02 | P65: 2 | R65: =$F$9*N65*'Vehicle Infos'!$L$21 -> 7.4544911 | U65: Green oil - Entrée Ngoumou | V65: 3 | W65: 3 | X65: 15:05 | Y65: 5 | AA65: =$G$9*W65*'Vehicle Infos'!$L$29 -> 14.536845
C66: Vallée vert -Petite marché | D66: 8 | E66: 0.5 | F66: 15:40 | G66: 3 | I66: =$D$9*E66*'Vehicle Infos'!$L$10 -> 7.4678093 | L66: Gare Mfou - Gustave Eiffel | M66: 2.5 | N66: 1.5 | O66: 15:06 | P66: 4 | R66: =$F$9*N66*'Vehicle Infos'!$L$21 -> 11.181737 | U66: Entrée Ngoumou - Carrefour Nomayos | V66: 5.5 | W66: 2.5 | X66: 15:11 | Y66: 6 | AA66: =$G$9*W66*'Vehicle Infos'!$L$29 -> 12.114037
C67: Petite marché-Eleveur | D67: 9 | E67: 1 | F67: 15:44 | G67: 4 | I67: =$D$9*E67*'Vehicle Infos'!$L$10 -> 14.935619 | L67: Gustave Eiffel - Entrée EP Meyo | M67: 9 | N67: 6.5 | O67: 15:15 | P67: 9 | R67: =$F$9*N67*'Vehicle Infos'!$L$21 -> 48.454192 | U67: Carrefour Nomayos - Entrée CIMENCAM | V67: 7.5 | W67: 2 | X67: 15:21 | Y67: 10 | AA67: =$G$9*W67*'Vehicle Infos'!$L$29 -> 9.6912297
C68: Eleveur-Total Ngoussou | D68: 10 | E68: 1 | F68: 15:50 | G68: 6 | I68: =$D$9*E68*'Vehicle Infos'!$L$10 -> 14.935619 | L68: Entrée EP Meyo - Carrefour Nkongoa | M68: 12 | N68: 3 | O68: 15:20 | P68: 5 | R68: =$F$9*N68*'Vehicle Infos'!$L$21 -> 22.363473 | U68: Entrée CIMENCAM - Barrier (Tradex Ahala) | V68: 12 | W68: 4.5 | X68: 15:40 | Y68: 19 | AA68: =$G$9*W68*'Vehicle Infos'!$L$29 -> 21.805267
C69: Total Ngoussou -Mobil Omnisport | D69: 11 | E69: 1 | F69: 15:58 | G69: 8 | I69: =$D$9*E69*'Vehicle Infos'!$L$10 -> 14.935619 | L69: Carrefour Nkongoa - Carrefour Monti | M69: 15.5 | N69: 3.5 | O69: 15:27 | P69: 7 | R69: =$F$9*N69*'Vehicle Infos'!$L$21 -> 26.090719 | U69: Total | W69: =SUM(W64:W68) -> 12 | Y69: =SUM(Y64:Y68) -> 40 | AA69: =$G$9*W69*'Vehicle Infos'!$L$29 -> 58.147378
C70: Mobil Omnisport -Texaco Omnisport | D70: 12 | E70: 1 | F70: 16:01 | G70: 3 | I70: =$D$9*E70*'Vehicle Infos'!$L$10 -> 14.935619 | L70: Carrefour Monti - Hawai Escallier | M70: 18.5 | N70: 3 | O70: 15:36 | P70: 9 | R70: =$F$9*N70*'Vehicle Infos'!$L$21 -> 22.363473
C71: Texaco Omnisport -Total Mfouda | D71: 14 | E71: 2 | F71: 16:08 | G71: 7 | I71: =$D$9*E71*'Vehicle Infos'!$L$10 -> 29.871237 | L71: Total | N71: =SUM(N64:N70) -> 18.5 | P71: =SUM(P65:P70) -> 36 | R71: =$F$9*N71*'Vehicle Infos'!$L$21 -> 137.90809
C72: Total Mfouda-Mobil Elig-Essono | D72: 14.5 | E72: 0.5 | F72: 16:10 | G72: 2 | I72: =$D$9*E72*'Vehicle Infos'!$L$10 -> 7.4678093
C73: Mobil Elig-Essono-Camair | D73: 15 | E73: 0.5 | F73: 16:11 | G73: 1 | I73: =$D$9*E73*'Vehicle Infos'!$L$10 -> 7.4678093
C74: Total | E74: 15 | G74: =SUM(G65:G73) -> 41 | I74: =$D$9*E74*'Vehicle Infos'!$L$10 -> 224.03428
C78: Saturday 19:00-22:00 Scenario | L78: Saturday 19:00-22:00 Scenario | U78: Saturday 19:00-22:00 Scenario
C79: Soa-Yaounde: Road Network Stretches | D79: Cummulative distance (Km) | E79: Distance per stretch | F79: Clock Time | G79: Average time Taken (min) | H79: Tier 1 Emissions (kg CO2) (Daily) | I79: Tier 2 Emissions (kg CO2) (Daily) | L79: Mfou-Yaounde: Road Network Stretches | M79: Cummulative distance (Km) | N79: Distance per stretch | O79: Clock Time | P79: Average time Taken (min) | Q79: Tier 1 Emissions (kg CO2) (Daily) | R79: Tier 2 Emissions (kg CO2) (Daily) | U79: Mbankomo-Yaounde: Road Network Stretches | V79: Cummulative distance (Km) | W79: Distance per stretch | X79: Clock Time | Y79: Average time Taken (min) | Z79: Tier 1 Emissions (kg CO2) (Daily) | AA79: Tier 2 Emissions (kg CO2) (Daily)
C80: Soa Centre | D80: 0 | E80: 0 | F80: 18:30 | H80: =D10*D3*'Vehicle Infos'!K10 -> 230.55 | I80: =$D$10*E80*'Vehicle Infos'!$L$10 -> 0 | L80: Marche Mfou | M80: 0 | N80: 0 | O80: 20:00 | Q80: =F10*F3*'Vehicle Infos'!K21 -> 219.64635 | R80: =$F$10*N80*'Vehicle Infos'!$L$21 -> 0 | U80: Green oil | V80: 0 | W80: 0 | X80: 20:00 | Y80: 0 | Z80: =G10*G3*'Vehicle Infos'!K29 -> 166.32 | AA80: =$G$10*W80*'Vehicle Infos'!$L$29 -> 0
C81: Soa Centre -Vallée vert | D81: 7.5 | E81: 7.5 | F81: 18:37 | G81: 7 | I81: =$D$10*E81*'Vehicle Infos'!$L$10 -> 56.00857 | L81: Marche Mfou - Gare Mfou | M81: 1 | N81: 1 | O81: 20:02 | P81: 2 | R81: =$F$10*N81*'Vehicle Infos'!$L$21 -> 3.818154 | U81: Green oil - Entrée Ngoumou | V81: 3 | W81: 3 | X81: 20:05 | Y81: 5 | AA81: =$G$10*W81*'Vehicle Infos'!$L$29 -> 10.526681
C82: Vallée vert -Petite marché | D82: 8 | E82: 0.5 | F82: 18:39 | G82: 2 | I82: =$D$10*E82*'Vehicle Infos'!$L$10 -> 3.7339047 | L82: Gare Mfou - Gustave Eiffel | M82: 2.5 | N82: 1.5 | O82: 20:06 | P82: 4 | R82: =$F$10*N82*'Vehicle Infos'!$L$21 -> 5.727231 | U82: Entrée Ngoumou - Carrefour Nomayos | V82: 5.5 | W82: 2.5 | X82: 20:11 | Y82: 6 | AA82: =$G$10*W82*'Vehicle Infos'!$L$29 -> 8.7722337
C83: Petite marché-Eleveur | D83: 9 | E83: 1 | F83: 18:43 | G83: 4 | I83: =$D$10*E83*'Vehicle Infos'!$L$10 -> 7.4678093 | L83: Gustave Eiffel - Entrée EP Monti | M83: 9 | N83: 6.5 | O83: 20:15 | P83: 9 | R83: =$F$10*N83*'Vehicle Infos'!$L$21 -> 24.818001 | U83: Carrefour Nomayos - Entrée CIMENCAM | V83: 7.5 | W83: 2 | X83: 20:20 | Y83: 9 | AA83: =$G$10*W83*'Vehicle Infos'!$L$29 -> 7.017787
C84: Eleveur-Total Ngoussou | D84: 10 | E84: 1 | F84: 18:45 | G84: 2 | I84: =$D$10*E84*'Vehicle Infos'!$L$10 -> 7.4678093 | L84: Entrée EP Monti - Carrefour Nkongoa | M84: 12 | N84: 3 | O84: 20:19 | P84: 4 | R84: =$F$10*N84*'Vehicle Infos'!$L$21 -> 11.454462 | U84: Entrée CIMENCAM - Barrier (Tradex Ahala) | V84: 12 | W84: 4.5 | X84: 20:35 | Y84: 15 | AA84: =$G$10*W84*'Vehicle Infos'!$L$29 -> 15.790021
C85: Total Ngoussou -Mobil Omnisport | D85: 11 | E85: 1 | F85: 18:51 | G85: 6 | I85: =$D$10*E85*'Vehicle Infos'!$L$10 -> 7.4678093 | L85: Carrefour Nkongoa - Carrefour Monti | M85: 15.5 | N85: 3.5 | O85: 20:25 | P85: 6 | R85: =$F$10*N85*'Vehicle Infos'!$L$21 -> 13.363539 | U85: Total | W85: =SUM(W80:W84) -> 12 | Y85: =SUM(Y80:Y84) -> 35 | AA85: =$G$10*W85*'Vehicle Infos'!$L$29 -> 42.106722
C86: Mobil Omnisport -Texaco Omnisport | D86: 12 | E86: 1 | F86: 18:55 | G86: 4 | I86: =$D$10*E86*'Vehicle Infos'!$L$10 -> 7.4678093 | L86: Carrefour Monti - Hawai Escallier | M86: 18.5 | N86: 3 | O86: 20:32 | P86: 7 | R86: =$F$10*N86*'Vehicle Infos'!$L$21 -> 11.454462
C87: Texaco Omnisport -Total Mfouda | D87: 14 | E87: 2 | F87: 19:00 | G87: 5 | I87: =$D$10*E87*'Vehicle Infos'!$L$10 -> 14.935619 | L87: Total | N87: =SUM(N80:N86) -> 18.5 | P87: =SUM(P81:P86) -> 32 | R87: =$F$10*N87*'Vehicle Infos'!$L$21 -> 70.635849
C88: Total Mfouda-Mobil Elig-Essono | D88: 14.5 | E88: 0.5 | F88: 19:01 | G88: 1 | I88: =$D$10*E88*'Vehicle Infos'!$L$10 -> 3.7339047
C89: Mobil Elig-Essono-Camair | D89: 15 | E89: 0.5 | F89: 19:33 | G89: 2 | I89: =$D$10*E89*'Vehicle Infos'!$L$10 -> 3.7339047
C90: Total | E90: 15 | G90: =SUM(G81:G89) -> 33 | I90: =$D$10*E90*'Vehicle Infos'!$L$10 -> 112.01714

Sheet Sunday Est.
D2: Soa | F2: Mfou | G2: Mbankomo
B3: Fuel consumed on total stretch | C3: Toyota | D3: 2.5 | F3: 3.3 | G3: 2.5 | H3: litres
C4: Mercedes | D4: 3 | H4: litres
B5: Number of buses | C5: Time frame | D5: Number of Vehicles
C6: 06:00 - 07:00 | D6: =18+11 -> 29 | F6: 13 | G6: 8
C7: 07:00 - 10:00 | D7: =35+14 -> 49 | F7: 42 | G7: 32
C8: 10:00 - 15:00 | D8: =30+20 -> 50 | F8: 52 | G8: 31
C9: 15:00 - 19:00 | D9: =31+13 -> 44 | F9: 36 | G9: 25
C10: 19:00 - 22:00 | D10: =16+9 -> 25 | F10: 18 | G10: 18
B11: Number of days in a year | D11: 365
C14: Sunday 6:00-7:00 Scenario | H14: Daily Tail Pipe Emissions | L14: Sunday 6:00-7:00 Scenario | U14: Sunday 6:00-7:00 Scenario | AE14: Annual Tailpipe Emissions in kg CO2 (Tier 1)
C15: Soa-Yaounde: Road Network Stretches | D15: Cummulative distance (Km) | E15: Distance per stretch | F15: Clock Time | G15: Average time Taken (min) | H15: Tier 1 Emissions (kg CO2) (Daily) | I15: Tier 2 Emissions (kg CO2) (Daily) | L15: Mfou-Yaounde: Road Network Stretches | M15: Cummulative distance (Km) | N15: Distance per stretch | O15: Clock Time | P15: Average time Taken (min) | Q15: Tier 1 Emissions (kg CO2) (Daily) | R15: Tier 2 Emissions (kg CO2) (Daily) | U15: Mbankomo-Yaounde: Road Network Stretches | V15: Cummulative distance (Km) | W15: Distance per stretch | X15: Clock Time | Y15: Average time Taken (min) | Z15: Tier 1 Emissions (kg CO2) (Daily) | AA15: Tier 2 Emissions (kg CO2) (Daily) | AF15: 6:00 - 7:00 | AG15: 7:00 - 10:00 | AH15: 10:00 - 15:00 | AI15: 15:00 - 19:00 | AJ15: 19:00 - 22:00 | AK15: TOTAL
C16: Soa Centre | D16: 0 | E16: 0 | F16: 6:00 | G16: 0 | H16: =D6*D3*'Vehicle Infos'!K10 -> 230.55 | I16: =$D$6*E16*'Vehicle Infos'!$L$10 -> 0 | L16: Marche Mfou | M16: 0 | N16: 0 | O16: 6:00 | P16: 0 | Q16: =F6*F3*'Vehicle Infos'!K21 -> 135.97155 | R16: =$F$6*N16*'Vehicle Infos'!$L$21 -> 0 | U16: Green oil | V16: 0 | W16: 0 | X16: 6:00 | Y16: 0 | Z16: =G6*G3*'Vehicle Infos'!K29 -> 63.36 | AA16: =$G$6*W16*'Vehicle Infos'!$L$29 -> 0 | AE16: Sunday | AF16: =SUM(H16:H25)*D11 -> 84150.75 | AG16: =SUM(H31:H40)*D11 -> 142185.75 | AH16: =SUM(H46:H55)*D11 -> 145087.5 | AI16: =SUM(H61:H70)*D11 -> 127677 | AJ16: =SUM(H76:H85)*D11 -> 72543.75 | AK16: =SUM(AF16:AJ16) -> 571644.75
C17: Soa Centre -Vallée vert | D17: 7.5 | E17: 7.5 | F17: 6:06 | G17: 6 | I17: =$D$6*E17*'Vehicle Infos'!$L$10 -> 56.00857 | L17: Marche Mfou - Gare Mfou | M17: 1 | N17: 1 | O17: 6:02 | P17: 2 | R17: =$F$6*N17*'Vehicle Infos'!$L$21 -> 2.3636191 | U17: Green oil - Entrée Ngoumou | V17: 3 | W17: 3 | X17: 6:04 | Y17: 4 | AA17: =$G$6*W17*'Vehicle Infos'!$L$29 -> 4.010164
C18: Vallée vert -Petite marché | D18: 8 | E18: 0.5 | F18: 6:07 | G18: 1 | I18: =$D$6*E18*'Vehicle Infos'!$L$10 -> 3.7339047 | L18: Gare Mfou - Gustave Eiffel | M18: 2.5 | N18: 1.5 | O18: 6:07 | P18: 5 | R18: =$F$6*N18*'Vehicle Infos'!$L$21 -> 3.5454287 | U18: Entrée Ngoumou - Carrefour Nomayos | V18: 5.5 | W18: 2.5 | X18: 6:09 | Y18: 5 | AA18: =$G$6*W18*'Vehicle Infos'!$L$29 -> 3.3418033
C19: Petite marché-Eleveur | D19: 9 | E19: 1 | F19: 6:09 | G19: 2 | I19: =$D$6*E19*'Vehicle Infos'!$L$10 -> 7.4678093 | L19: Gustave Eiffel - Entrée EP Meyo | M19: 9 | N19: 6.5 | O19: 6:16 | P19: 9 | R19: =$F$6*N19*'Vehicle Infos'!$L$21 -> 15.363524 | U19: Carrefour Nomayos - Entrée CIMENCAM | V19: 7.5 | W19: 2 | X19: 6:17 | Y19: 8 | AA19: =$G$6*W19*'Vehicle Infos'!$L$29 -> 2.6734427
C20: Eleveur-Total Ngoussou | D20: 10 | E20: 1 | F20: 6:11 | G20: 2 | I20: =$D$6*E20*'Vehicle Infos'!$L$10 -> 7.4678093 | L20: Entrée EP Meyo - Carrefour Nkongoa | M20: 12 | N20: 3 | O20: 6:20 | P20: 4 | R20: =$F$6*N20*'Vehicle Infos'!$L$21 -> 7.0908574 | U20: Entrée CIMENCAM - Barrier (Tradex Ahala) | V20: 12 | W20: 4.5 | X20: 6:30 | Y20: 13 | AA20: =$G$6*W20*'Vehicle Infos'!$L$29 -> 6.015246
C21: Total Ngoussou -Mobil Omnisport | D21: 11 | E21: 1 | F21: 6:16 | G21: 5 | I21: =$D$6*E21*'Vehicle Infos'!$L$10 -> 7.4678093 | L21: Carrefour Nkongoa - Carrefour Monti | M21: 15.5 | N21: 3.5 | O21: 6:25 | P21: 5 | R21: =$F$6*N21*'Vehicle Infos'!$L$21 -> 8.272667 | U21: Total | W21: =SUM(W16:W20) -> 12 | Y21: =SUM(Y16:Y20) -> 30 | AA21: =$G$6*W21*'Vehicle Infos'!$L$29 -> 16.040656
C22: Mobil Omnisport -Texaco Omnisport | D22: 12 | E22: 1 | F22: 6:19 | G22: 3 | I22: =$D$6*E22*'Vehicle Infos'!$L$10 -> 7.4678093 | L22: Carrefour Monti - Hawai Escallier | M22: 18.5 | N22: 3 | O22: 6:30 | P22: 5 | R22: =$F$6*N22*'Vehicle Infos'!$L$21 -> 7.0908574
C23: Texaco Omnisport -Total Mfouda | D23: 14 | E23: 2 | F23: 6:22 | G23: 3 | I23: =$D$6*E23*'Vehicle Infos'!$L$10 -> 14.935619 | L23: Total | N23: =SUM(N16:N22) -> 18.5 | P23: 30 | R23: =$F$6*N23*'Vehicle Infos'!$L$21 -> 43.726954
C24: Total Mfouda-Mobil Elig-Essono | D24: 14.5 | E24: 0.5 | F24: 6:24 | G24: 2 | I24: =$D$6*E24*'Vehicle Infos'!$L$10 -> 3.7339047
C25: Mobil Elig-Essono-Camair | D25: 15 | E25: 0.5 | F25: 6:25 | G25: 1 | I25: =$D$6*E25*'Vehicle Infos'!$L$10 -> 3.7339047
C26: Total | E26: 15 | G26: =SUM(G17:G25) -> 25 | I26: =$D$6*E26*'Vehicle Infos'!$L$10 -> 112.01714
C29: Sunday 7:00-10:00 Scenario | L29: Sunday 7:00-10:00 Scenario | U29: Sunday 7:00-10:00 Scenario
C30: Soa-Yaounde: Road Network Stretches | D30: Cummulative distance (Km) | E30: Distance per stretch | F30: Clock Time | G30: Average time Taken (min) | H30: Tier 1 Emissions (kg CO2) (Daily) | I30: Tier 2 Emissions (kg CO2) (Daily) | L30: Mfou-Yaounde: Road Network Stretches | M30: Cummulative distance (Km) | N30: Distance per stretch | O30: Clock Time | P30: Average time Taken (min) | Q30: Tier 1 Emissions (kg CO2) (Daily) | R30: Tier 2 Emissions (kg CO2) (Daily) | U30: Mbankomo-Yaounde: Road Network Stretches | V30: Cummulative distance (Km) | W30: Distance per stretch | X30: Clock Time | Y30: Average time Taken (min) | Z30: Tier 1 Emissions (kg CO2) (Daily) | AA30: Tier 2 Emissions (kg CO2) (Daily)
C31: Soa Centre | D31: 0 | E31: 0 | F31: 7:30 | H31: =D7*D3*'Vehicle Infos'!K10 -> 389.55 | I31: =$D$7*E31*'Vehicle Infos'!$L$10 -> 0 | L31: Marche Mfou | M31: 0 | N31: 0 | O31: 7:30 | Q31: =F7*F3*'Vehicle Infos'!K21 -> 439.2927 | R31: =$F$7*N31*'Vehicle Infos'!$L$21 -> 0 | U31: Green oil | V31: 0 | W31: 0 | X31: 7:30 | Y31: 0 | Z31: =G7*G3*'Vehicle Infos'!K29 -> 253.44 | AA31: =$G$7*W31*'Vehicle Infos'!$L$29 -> 0
C32: Soa Centre -Vallée vert | D32: 7.5 | E32: 7.5 | F32: 7:36 | G32: 6 | I32: =$D$7*E32*'Vehicle Infos'!$L$10 -> 94.63517 | L32: Marche Mfou - Gare Mfou | M32: 1 | N32: 1 | O32: 7:32 | P32: 2 | R32: =$F$7*N32*'Vehicle Infos'!$L$21 -> 7.636308 | U32: Green oil - Entrée Ngoumou | V32: 3 | W32: 3 | X32: 7:34 | Y32: 4 | AA32: =$G$7*W32*'Vehicle Infos'!$L$29 -> 16.040656
C33: Vallée vert -Petite marché | D33: 8 | E33: 0.5 | F33: 7:39 | G33: 3 | I33: =$D$7*E33*'Vehicle Infos'!$L$10 -> 6.3090113 | L33: Gare Mfou - Gustave Eiffel | M33: 2.5 | N33: 1.5 | O33: 7:37 | P33: 5 | R33: =$F$7*N33*'Vehicle Infos'!$L$21 -> 11.454462 | U33: Entrée Ngoumou - Carrefour Nomayos | V33: 5.5 | W33: 2.5 | X33: 7:40 | Y33: 6 | AA33: =$G$7*W33*'Vehicle Infos'!$L$29 -> 13.367213
C34: Petite marché-Eleveur | D34: 9 | E34: 1 | F34: 7:43 | G34: 4 | I34: =$D$7*E34*'Vehicle Infos'!$L$10 -> 12.618023 | L34: Gustave Eiffel - Entrée EP Meyo | M34: 9 | N34: 6.5 | O34: 7:46 | P34: 9 | R34: =$F$7*N34*'Vehicle Infos'!$L$21 -> 49.636002 | U34: Carrefour Nomayos - Entrée CIMENCAM | V34: 7.5 | W34: 2 | X34: 7:50 | Y34: 10 | AA34: =$G$7*W34*'Vehicle Infos'!$L$29 -> 10.693771
C35: Eleveur-Total Ngoussou | D35: 10 | E35: 1 | F35: 7:47 | G35: 4 | I35: =$D$7*E35*'Vehicle Infos'!$L$10 -> 12.618023 | L35: Entrée EP Meyo - Carrefour Nkongoa | M35: 12 | N35: 3 | O35: 7:50 | P35: 4 | R35: =$F$7*N35*'Vehicle Infos'!$L$21 -> 22.908924 | U35: Entrée CIMENCAM - Barrier (Tradex Ahala) | V35: 12 | W35: 4.5 | X35: 8:10 | Y35: 20 | AA35: =$G$7*W35*'Vehicle Infos'!$L$29 -> 24.060984
C36: Total Ngoussou -Mobil Omnisport | D36: 11 | E36: 1 | F36: 7:56 | G36: 9 | I36: =$D$7*E36*'Vehicle Infos'!$L$10 -> 12.618023 | L36: Carrefour Nkongoa - Carrefour Monti | M36: 15.5 | N36: 3.5 | O36: 7:56 | P36: 6 | R36: =$F$7*N36*'Vehicle Infos'!$L$21 -> 26.727078 | U36: Total | W36: =SUM(W31:W35) -> 12 | Y36: =SUM(Y31:Y35) -> 40 | AA36: =$G$7*W36*'Vehicle Infos'!$L$29 -> 64.162624
C37: Mobil Omnisport -Texaco Omnisport | D37: 12 | E37: 1 | F37: 8:02 | G37: 6 | I37: =$D$7*E37*'Vehicle Infos'!$L$10 -> 12.618023 | L37: Carrefour Monti - Hawai Escallier | M37: 18.5 | N37: 3 | O37: 8:03 | P37: 7 | R37: =$F$7*N37*'Vehicle Infos'!$L$21 -> 22.908924
C38: Texaco Omnisport -Total Mfouda | D38: 14 | E38: 2 | F38: 8:06 | G38: 4 | I38: =$D$7*E38*'Vehicle Infos'!$L$10 -> 25.236045 | L38: Total | N38: =SUM(N31:N37) -> 18.5 | P38: =SUM(P32:P37) -> 33 | R38: =$F$7*N38*'Vehicle Infos'!$L$21 -> 141.2717
C39: Total Mfouda-Mobil Elig-Essono | D39: 14.5 | E39: 0.5 | F39: 8:08 | G39: 2 | I39: =$D$7*E39*'Vehicle Infos'!$L$10 -> 6.3090113
C40: Mobil Elig-Essono-Camair | D40: 15 | E40: 0.5 | F40: 8:09 | G40: 1 | I40: =$D$7*E40*'Vehicle Infos'!$L$10 -> 6.3090113
C41: Total | E41: 15 | G41: =SUM(G32:G40) -> 39 | I41: =$D$7*E41*'Vehicle Infos'!$L$10 -> 189.27034
C44: Sunday 10:00-15:00 Scenario | L44: Sunday 10:00-15:00 Scenario | U44: Sunday 10:00-15:00 Scenario
C45: Soa-Yaounde: Road Network Stretches | D45: Cummulative distance (Km) | E45: Distance per stretch | F45: Clock Time | G45: Average time Taken (min) | H45: Tier 1 Emissions (kg CO2) (Daily) | I45: Tier 2 Emissions (kg CO2) (Daily) | L45: Mfou-Yaounde: Road Network Stretches | M45: Cummulative distance (Km) | N45: Distance per stretch | O45: Clock Time | P45: Average time Taken (min) | Q45: Tier 1 Emissions (kg CO2) (Daily) | R45: Tier 2 Emissions (kg CO2) (Daily) | U45: Mbankomo-Yaounde: Road Network Stretches | V45: Cummulative distance (Km) | W45: Distance per stretch | X45: Clock Time | Y45: Average time Taken (min) | Z45: Tier 1 Emissions (kg CO2) (Daily) | AA45: Tier 2 Emissions (kg CO2) (Daily)
C46: Soa Centre | D46: 0 | E46: 0 | F46: 11:30 | H46: =D8*D3*'Vehicle Infos'!K10 -> 397.5 | I46: =$D$8*E46*'Vehicle Infos'!$L$10 -> 0 | L46: Marche Mfou | M46: 0 | N46: 0 | O46: 11:00 | Q46: =F8*F3*'Vehicle Infos'!K21 -> 543.8862 | R46: =$F$8*N46*'Vehicle Infos'!$L$21 -> 0 | U46: Green oil | V46: 0 | W46: 0 | X46: 10:00 | Y46: 0 | Z46: =G8*G3*'Vehicle Infos'!K29 -> 245.52 | AA46: =$G$8*W46*'Vehicle Infos'!$L$29 -> 0
C47: Soa Centre -Vallée vert | D47: 7.5 | E47: 7.5 | F47: 11:37 | G47: 7 | I47: =$D$8*E47*'Vehicle Infos'!$L$10 -> 96.5665 | L47: Marche Mfou - Gare Mfou | M47: 1 | N47: 1 | O47: 11:02 | P47: 2 | R47: =$F$8*N47*'Vehicle Infos'!$L$21 -> 9.4544766 | U47: Green oil - Entrée Ngoumou | V47: 3 | W47: 3 | X47: 10:04 | Y47: 4 | AA47: =$G$8*W47*'Vehicle Infos'!$L$29 -> 15.539386
C48: Vallée vert -Petite marché | D48: 8 | E48: 0.5 | F48: 11:39 | G48: 2 | I48: =$D$8*E48*'Vehicle Infos'!$L$10 -> 6.4377667 | L48: Gare Mfou - Gustave Eiffel | M48: 2.5 | N48: 1.5 | O48: 11:07 | P48: 5 | R48: =$F$8*N48*'Vehicle Infos'!$L$21 -> 14.181715 | U48: Entrée Ngoumou - Carrefour Nomayos | V48: 5.5 | W48: 2.5 | X48: 10:09 | Y48: 5 | AA48: =$G$8*W48*'Vehicle Infos'!$L$29 -> 12.949488
C49: Petite marché-Eleveur | D49: 9 | E49: 1 | F49: 11:42 | G49: 3 | I49: =$D$8*E49*'Vehicle Infos'!$L$10 -> 12.875533 | L49: Gustave Eiffel - Entrée EP Meyo | M49: 9 | N49: 6.5 | O49: 11:16 | P49: 9 | R49: =$F$8*N49*'Vehicle Infos'!$L$21 -> 61.454098 | U49: Carrefour Nomayos - Entrée CIMENCAM | V49: 7.5 | W49: 2 | X49: 10:17 | Y49: 8 | AA49: =$G$8*W49*'Vehicle Infos'!$L$29 -> 10.35959
C50: Eleveur-Total Ngoussou | D50: 10 | E50: 1 | F50: 11:45 | G50: 3 | I50: =$D$8*E50*'Vehicle Infos'!$L$10 -> 12.875533 | L50: Entrée EP Meyo - Carrefour Nkongoa | M50: 12 | N50: 3 | O50: 11:20 | P50: 4 | R50: =$F$8*N50*'Vehicle Infos'!$L$21 -> 28.36343 | U50: Entrée CIMENCAM - Barrier (Tradex Ahala) | V50: 12 | W50: 4.5 | X50: 10:31 | Y50: 14 | AA50: =$G$8*W50*'Vehicle Infos'!$L$29 -> 23.309078
C51: Total Ngoussou -Mobil Omnisport | D51: 11 | E51: 1 | F51: 11:51 | G51: 6 | I51: =$D$8*E51*'Vehicle Infos'!$L$10 -> 12.875533 | L51: Carrefour Nkongoa - Carrefour Monti | M51: 15.5 | N51: 3.5 | O51: 11:25 | P51: 5 | R51: =$F$8*N51*'Vehicle Infos'!$L$21 -> 33.090668 | U51: Total | W51: =SUM(W46:W50) -> 12 | Y51: =SUM(Y46:Y50) -> 31 | AA51: =$G$8*W51*'Vehicle Infos'!$L$29 -> 62.157542
C52: Mobil Omnisport -Texaco Omnisport | D52: 12 | E52: 1 | F52: 11:55 | G52: 4 | I52: =$D$8*E52*'Vehicle Infos'!$L$10 -> 12.875533 | L52: Carrefour Monti - Hawai Escallier | M52: 18.5 | N52: 3 | O52: 11:31 | P52: 6 | R52: =$F$8*N52*'Vehicle Infos'!$L$21 -> 28.36343
C53: Texaco Omnisport -Total Mfouda | D53: 14 | E53: 2 | F53: 11:57 | G53: 2 | I53: =$D$8*E53*'Vehicle Infos'!$L$10 -> 25.751067 | L53: Total | N53: =SUM(N46:N52) -> 18.5 | P53: =SUM(P47:P52) -> 31 | R53: =$F$8*N53*'Vehicle Infos'!$L$21 -> 174.90782
C54: Total Mfouda-Mobil Elig-Essono | D54: 14.5 | E54: 0.5 | F54: 11:59 | G54: 2 | I54: =$D$8*E54*'Vehicle Infos'!$L$10 -> 6.4377667
C55: Mobil Elig-Essono-Camair | D55: 15 | E55: 0.5 | F55: 12:00 | G55: 1 | I55: =$D$8*E55*'Vehicle Infos'!$L$10 -> 6.4377667
C56: Total | E56: 15 | G56: =SUM(G47:G55) -> 30 | I56: =$D$8*E56*'Vehicle Infos'!$L$10 -> 193.133
C59: Sunday 15:00-19:00 Scenario | L59: Sunday 15:00-19:00 Scenario | U59: Sunday 15:00-19:00 Scenario
C60: Soa-Yaounde: Road Network Stretches | D60: Cummulative distance (Km) | E60: Distance per stretch | F60: Clock Time | G60: Average time Taken (min) | H60: Tier 1 Emissions (kg CO2) (Daily) | I60: Tier 2 Emissions (kg CO2) (Daily) | L60: Mfou-Yaounde: Road Network Stretches | M60: Cummulative distance (Km) | N60: Distance per stretch | O60: Clock Time | P60: Average time Taken (min) | Q60: Tier 1 Emissions (kg CO2) (Daily) | R60: Tier 2 Emissions (kg CO2) (Daily) | U60: Mbankomo-Yaounde: Road Network Stretches | V60: Cummulative distance (Km) | W60: Distance per stretch | X60: Clock Time | Y60: Average time Taken (min) | Z60: Tier 1 Emissions (kg CO2) (Daily) | AA60: Tier 2 Emissions (kg CO2) (Daily)
C61: Soa Centre | D61: 0 | E61: 0 | F61: 15:30 | H61: =D9*D3*'Vehicle Infos'!K10 -> 349.8 | I61: =$D$9*E61*'Vehicle Infos'!$L$10 -> 0 | L61: Marche Mfou | M61: 0 | N61: 0 | O61: 16:00 | Q61: =F9*F3*'Vehicle Infos'!K21 -> 376.5366 | R61: =$F$9*N61*'Vehicle Infos'!$L$21 -> 0 | U61: Green oil | V61: 0 | W61: 0 | X61: 16:00 | Y61: 0 | Z61: =G9*G3*'Vehicle Infos'!K29 -> 198 | AA61: =$G$9*W61*'Vehicle Infos'!$L$29 -> 0
C62: Soa Centre -Vallée vert | D62: 7.5 | E62: 7.5 | F62: 15:37 | G62: 7 | I62: =$D$9*E62*'Vehicle Infos'!$L$10 -> 84.97852 | L62: Marche Mfou - Gare Mfou | M62: 1 | N62: 1 | O62: 16:02 | P62: 2 | R62: =$F$9*N62*'Vehicle Infos'!$L$21 -> 6.5454069 | U62: Green oil - Entrée Ngoumou | V62: 3 | W62: 3 | X62: 16:04 | Y62: 4 | AA62: =$G$9*W62*'Vehicle Infos'!$L$29 -> 12.531763
C63: Vallée vert -Petite marché | D63: 8 | E63: 0.5 | F63: 15:39 | G63: 2 | I63: =$D$9*E63*'Vehicle Infos'!$L$10 -> 5.6652347 | L63: Gare Mfou - Gustave Eiffel | M63: 2.5 | N63: 1.5 | O63: 16:07 | P63: 5 | R63: =$F$9*N63*'Vehicle Infos'!$L$21 -> 9.8181103 | U63: Entrée Ngoumou - Carrefour Nomayos | V63: 5.5 | W63: 2.5 | X63: 16:10 | Y63: 6 | AA63: =$G$9*W63*'Vehicle Infos'!$L$29 -> 10.443135
C64: Petite marché-Eleveur | D64: 9 | E64: 1 | F64: 15:41 | G64: 2 | I64: =$D$9*E64*'Vehicle Infos'!$L$10 -> 11.330469 | L64: Gustave Eiffel - Entrée EP Meyo | M64: 9 | N64: 6.5 | O64: 16:16 | P64: 9 | R64: =$F$9*N64*'Vehicle Infos'!$L$21 -> 42.545145 | U64: Carrefour Nomayos - Entrée CIMENCAM | V64: 7.5 | W64: 2 | X64: 16:18 | Y64: 8 | AA64: =$G$9*W64*'Vehicle Infos'!$L$29 -> 8.3545083
C65: Eleveur-Total Ngoussou | D65: 10 | E65: 1 | F65: 15:44 | G65: 3 | I65: =$D$9*E65*'Vehicle Infos'!$L$10 -> 11.330469 | L65: Entrée EP Meyo - Carrefour Nkongoa | M65: 12 | N65: 3 | O65: 16:20 | P65: 4 | R65: =$F$9*N65*'Vehicle Infos'!$L$21 -> 19.636221 | U65: Entrée CIMENCAM - Barrier (Tradex Ahala) | V65: 12 | W65: 4.5 | X65: 16:30 | Y65: 12 | AA65: =$G$9*W65*'Vehicle Infos'!$L$29 -> 18.797644
C66: Total Ngoussou -Mobil Omnisport | D66: 11 | E66: 1 | F66: 15:54 | G66: 10 | I66: =$D$9*E66*'Vehicle Infos'!$L$10 -> 11.330469 | L66: Carrefour Nkongoa - Carrefour Monti | M66: 15.5 | N66: 3.5 | O66: 16:25 | P66: 5 | R66: =$F$9*N66*'Vehicle Infos'!$L$21 -> 22.908924 | U66: Total | W66: =SUM(W61:W65) -> 12 | Y66: =SUM(Y61:Y65) -> 30 | AA66: =$G$9*W66*'Vehicle Infos'!$L$29 -> 50.12705
C67: Mobil Omnisport -Texaco Omnisport | D67: 12 | E67: 1 | F67: 15:57 | G67: 3 | I67: =$D$9*E67*'Vehicle Infos'!$L$10 -> 11.330469 | L67: Carrefour Monti - Hawai Escallier | M67: 18.5 | N67: 3 | O67: 16:30 | P67: 5 | R67: =$F$9*N67*'Vehicle Infos'!$L$21 -> 19.636221
C68: Texaco Omnisport -Total Mfouda | D68: 14 | E68: 2 | F68: 16:02 | G68: 5 | I68: =$D$9*E68*'Vehicle Infos'!$L$10 -> 22.660939 | L68: Total | N68: =SUM(N61:N67) -> 18.5 | P68: =SUM(P62:P67) -> 30 | R68: =$F$9*N68*'Vehicle Infos'!$L$21 -> 121.09003
C69: Total Mfouda-Mobil Elig-Essono | D69: 14.5 | E69: 0.5 | F69: 16:04 | G69: 2 | I69: =$D$9*E69*'Vehicle Infos'!$L$10 -> 5.6652347
C70: Mobil Elig-Essono-Camair | D70: 15 | E70: 0.5 | F70: 16:05 | G70: 1 | I70: =$D$9*E70*'Vehicle Infos'!$L$10 -> 5.6652347
C71: Total | E71: 15 | G71: =SUM(G62:G70) -> 35 | I71: =$D$9*E71*'Vehicle Infos'!$L$10 -> 169.95704
C74: Sunday 19:00-22:00 Scenario | L74: Sunday 19:00-22:00 Scenario | U74: Sunday 19:00-22:00 Scenario
C75: Soa-Yaounde: Road Network Stretches | D75: Cummulative distance (Km) | E75: Distance per stretch | F75: Clock Time | G75: Average time Taken (min) | H75: Tier 1 Emissions (kg CO2) (Daily) | I75: Tier 2 Emissions (kg CO2) (Daily) | L75: Mfou-Yaounde: Road Network Stretches | M75: Cummulative distance (Km) | N75: Distance per stretch | O75: Clock Time | P75: Average time Taken (min) | Q75: Tier 1 Emissions (kg CO2) (Daily) | R75: Tier 2 Emissions (kg CO2) (Daily) | U75: Mbankomo-Yaounde: Road Network Stretches | V75: Cummulative distance (Km) | W75: Distance per stretch | X75: Clock Time | Y75: Average time Taken (min) | Z75: Tier 1 Emissions (kg CO2) (Daily) | AA75: Tier 2 Emissions (kg CO2) (Daily)
C76: Soa Centre | D76: 0 | E76: 0 | F76: 19:30 | H76: =D10*D3*'Vehicle Infos'!K10 -> 198.75 | I76: =$D$10*E76*'Vehicle Infos'!$L$10 -> 0 | L76: Marche Mfou | M76: 0 | N76: 0 | O76: 21:00 | Q76: =F10*F3*'Vehicle Infos'!K21 -> 188.2683 | R76: =$F$10*N76*'Vehicle Infos'!$L$21 -> 0 | U76: Green oil | V76: 0 | W76: 0 | X76: 19:00 | Y76: 0 | Z76: =G10*G3*'Vehicle Infos'!K29 -> 142.56 | AA76: =$G$10*W76*'Vehicle Infos'!$L$29 -> 0
C77: Soa Centre -Vallée vert | D77: 7.5 | E77: 7.5 | F77: 19:37 | G77: 7 | I77: =$D$10*E77*'Vehicle Infos'!$L$10 -> 48.28325 | L77: Marche Mfou - Gare Mfou | M77: 1 | N77: 1 | O77: 21:02 | P77: 2 | R77: =$F$10*N77*'Vehicle Infos'!$L$21 -> 3.2727034 | U77: Green oil - Entrée Ngoumou | V77: 3 | W77: 3 | X77: 19:04 | Y77: 4 | AA77: =$G$10*W77*'Vehicle Infos'!$L$29 -> 9.022869
C78: Vallée vert -Petite marché | D78: 8 | E78: 0.5 | F78: 19:40 | G78: 3 | I78: =$D$10*E78*'Vehicle Infos'!$L$10 -> 3.2188833 | L78: Gare Mfou - Gustave Eiffel | M78: 2.5 | N78: 1.5 | O78: 21:07 | P78: 5 | R78: =$F$10*N78*'Vehicle Infos'!$L$21 -> 4.9090551 | U78: Entrée Ngoumou - Carrefour Nomayos | V78: 5.5 | W78: 2.5 | X78: 19:09 | Y78: 5 | AA78: =$G$10*W78*'Vehicle Infos'!$L$29 -> 7.5190575
C79: Petite marché-Eleveur | D79: 9 | E79: 1 | F79: 19:42 | G79: 2 | I79: =$D$10*E79*'Vehicle Infos'!$L$10 -> 6.4377667 | L79: Gustave Eiffel - Entrée EP Meyo | M79: 9 | N79: 6.5 | O79: 21:16 | P79: 9 | R79: =$F$10*N79*'Vehicle Infos'!$L$21 -> 21.272572 | U79: Carrefour Nomayos - Entrée CIMENCAM | V79: 7.5 | W79: 2 | X79: 19:17 | Y79: 8 | AA79: =$G$10*W79*'Vehicle Infos'!$L$29 -> 6.015246
C80: Eleveur-Total Ngoussou | D80: 10 | E80: 1 | F80: 19:45 | G80: 3 | I80: =$D$10*E80*'Vehicle Infos'!$L$10 -> 6.4377667 | L80: Entrée EP Meyo - Carrefour Nkongoa | M80: 12 | N80: 3 | O80: 21:20 | P80: 4 | R80: =$F$10*N80*'Vehicle Infos'!$L$21 -> 9.8181103 | U80: Entrée CIMENCAM - Barrier (Tradex Ahala) | V80: 12 | W80: 4.5 | X80: 19:30 | Y80: 13 | AA80: =$G$10*W80*'Vehicle Infos'!$L$29 -> 13.534304
C81: Total Ngoussou -Mobil Omnisport | D81: 11 | E81: 1 | F81: 19:53 | G81: 8 | I81: =$D$10*E81*'Vehicle Infos'!$L$10 -> 6.4377667 | L81: Carrefour Nkongoa - Carrefour Monti | M81: 15.5 | N81: 3.5 | O81: 21:25 | P81: 5 | R81: =$F$10*N81*'Vehicle Infos'!$L$21 -> 11.454462 | U81: Total | W81: =SUM(W76:W80) -> 12 | Y81: =SUM(Y76:Y80) -> 30 | AA81: =$G$10*W81*'Vehicle Infos'!$L$29 -> 36.091476
C82: Mobil Omnisport -Texaco Omnisport | D82: 12 | E82: 1 | F82: 19:55 | G82: 2 | I82: =$D$10*E82*'Vehicle Infos'!$L$10 -> 6.4377667 | L82: Carrefour Monti - Hawai Escallier | M82: 18.5 | N82: 3 | O82: 21:31 | P82: 6 | R82: =$F$10*N82*'Vehicle Infos'!$L$21 -> 9.8181103
C83: Texaco Omnisport -Total Mfouda | D83: 14 | E83: 2 | F83: 19:59 | G83: 4 | I83: =$D$10*E83*'Vehicle Infos'!$L$10 -> 12.875533 | L83: Total | N83: =SUM(N76:N82) -> 18.5 | P83: =SUM(P77:P82) -> 31 | R83: =$F$10*N83*'Vehicle Infos'!$L$21 -> 60.545013
C84: Total Mfouda-Mobil Elig-Essono | D84: 14.5 | E84: 0.5 | F84: 20:00 | G84: 1 | I84: =$D$10*E84*'Vehicle Infos'!$L$10 -> 3.2188833
C85: Mobil Elig-Essono-Camair | D85: 15 | E85: 0.5 | F85: 20:01 | G85: 1 | I85: =$D$10*E85*'Vehicle Infos'!$L$10 -> 3.2188833
C86: Total | E86: 15 | G86: =SUM(G77:G85) -> 31 | I86: =$D$10*E86*'Vehicle Infos'!$L$10 -> 96.5665

Sheet Data Insights
B2: Traffic Volume analysis, Miss trip analysis, Tailpipe Emissions analysis
B4: Number of weeks in a year | C4: 52.1429
B5: Variable operating saved when trip is missed | C5: 0.15
N6: Vehicle type | O6: Weekday traffic
D7: Soa | E7: Mfou | F7: Mbankomo | M7: Soa | N7: Mini-bus
B8: Fuel Consumed per stretch (in litres) | C8: Diesel | D8: 2.5 | E8: 3.3 | F8: 2.5 | M8: Mfou | N8: clando
B9: Distance per Stretch (km) | D9: ='Monday Est.'!E26 -> 15 | E9: ='Monday Est.'!N23 -> 18.5 | F9: ='Monday Est.'!W21 -> 12 | M9: Mbankomo | N9: Clando
C12: Number of Vehicles per strectch
B13: Number of Vehicles per strectch | C13: SOA - YAOUNDE | D13: Monday | E13: Tuesday | F13: Wednesday | G13: Thursday | H13: Friday | I13: Saturday | J13: Sunday | K13: Vehicles (avg Mon - Fri) | L13: Vehicles (avg weekend) | P13: MFOU - YAOUNDE | Q13: Monday | R13: Tuesday | S13: Wednesday | T13: Thursday | U13: Friday | V13: Saturday | W13: Sunday | AA13: Mbankomo - Yde | AB13: Monday | AC13: Tuesday | AD13: Wednesday | AE13: Thursday | AF13: Friday | AG13: Saturday | AH13: Sunday
C14: 06:00 - 07:00 | D14: ='Monday Est.'!D6 -> 44 | E14: ='Tuesday Est.'!D6 -> 53 | F14: ='Wednesday Est.'!D6 -> 50 | G14: ='Thursday Est.'!D6 -> 50 | H14: ='Friday Est'!D6 -> 39 | I14: ='Saturday Est.'!D6 -> 34 | J14: ='Sunday Est.'!D6 -> 29 | K14: =AVERAGE(D14:H14) -> 47.2 | L14: =AVERAGE(I14:J14) -> 31.5 | P14: 06:00 - 07:00 | Q14: ='Monday Est.'!F6 -> 19 | R14: ='Tuesday Est.'!F6 -> 17 | S14: ='Wednesday Est.'!F6 -> 17 | T14: ='Thursday Est.'!F6 -> 14 | U14: ='Friday Est'!F6 -> 14 | V14: ='Saturday Est.'!F6 -> 14 | W14: ='Sunday Est.'!F6 -> 13 | AA14: 06:00 - 07:00 | AB14: ='Monday Est.'!G6 -> 13 | AC14: ='Tuesday Est.'!G6 -> 13 | AD14: ='Wednesday Est.'!G6 -> 11 | AE14: ='Thursday Est.'!G6 -> 11 | AF14: ='Friday Est'!G6 -> 8 | AG14: ='Saturday Est.'!G6 -> 12 | AH14: ='Sunday Est.'!G6 -> 8
C15: 07:00 - 10:00 | D15: ='Monday Est.'!D7 -> 213 | E15: ='Tuesday Est.'!D7 -> 209 | F15: ='Wednesday Est.'!D7 -> 211 | G15: ='Thursday Est.'!D7 -> 211 | H15: ='Friday Est'!D7 -> 158 | I15: ='Saturday Est.'!D7 -> 95 | J15: ='Sunday Est.'!D7 -> 49 | K15: =AVERAGE(D15:H15) -> 200.4 | L15: =AVERAGE(I15:J15) -> 72 | P15: 07:00 - 10:00 | Q15: ='Monday Est.'!F7 -> 78 | R15: ='Tuesday Est.'!F7 -> 76 | S15: ='Wednesday Est.'!F7 -> 77 | T15: ='Thursday Est.'!F7 -> 74 | U15: ='Friday Est'!F7 -> 74 | V15: ='Saturday Est.'!F7 -> 49 | W15: ='Sunday Est.'!F7 -> 42 | AA15: 07:00 - 10:00 | AB15: ='Monday Est.'!G7 -> 65 | AC15: ='Tuesday Est.'!G7 -> 63 | AD15: ='Wednesday Est.'!G7 -> 64 | AE15: ='Thursday Est.'!G7 -> 61 | AF15: ='Friday Est'!G7 -> 54 | AG15: ='Saturday Est.'!G7 -> 41 | AH15: ='Sunday Est.'!G7 -> 32
C16: 10:00 - 15:00 | D16: ='Monday Est.'!D8 -> 404 | E16: ='Tuesday Est.'!D8 -> 388 | F16: ='Wednesday Est.'!D8 -> 344 | G16: ='Thursday Est.'!D8 -> 344 | H16: ='Friday Est'!D8 -> 254 | I16: ='Saturday Est.'!D8 -> 216 | J16: ='Sunday Est.'!D8 -> 50 | K16: =AVERAGE(D16:H16) -> 346.8 | L16: =AVERAGE(I16:J16) -> 133 | P16: 10:00 - 15:00 | Q16: ='Monday Est.'!F8 -> 91 | R16: ='Tuesday Est.'!F8 -> 86 | S16: ='Wednesday Est.'!F8 -> 87 | T16: ='Thursday Est.'!F8 -> 87 | U16: ='Friday Est'!F8 -> 85 | V16: ='Saturday Est.'!F8 -> 61 | W16: ='Sunday Est.'!F8 -> 52 | AA16: 10:00 - 15:00 | AB16: ='Monday Est.'!G8 -> 61 | AC16: ='Tuesday Est.'!G8 -> 60 | AD16: ='Wednesday Est.'!G8 -> 56 | AE16: ='Thursday Est.'!G8 -> 52 | AF16: ='Friday Est'!G8 -> 48 | AG16: ='Saturday Est.'!G8 -> 39 | AH16: ='Sunday Est.'!G8 -> 31
C17: 15:00 - 19:00 | D17: ='Monday Est.'!D9 -> 214 | E17: ='Tuesday Est.'!D9 -> 212 | F17: ='Wednesday Est.'!D9 -> 193 | G17: ='Thursday Est.'!D9 -> 193 | H17: ='Friday Est'!D9 -> 149 | I17: ='Saturday Est.'!D9 -> 58 | J17: ='Sunday Est.'!D9 -> 44 | K17: =AVERAGE(D17:H17) -> 192.2 | L17: =AVERAGE(I17:J17) -> 51 | P17: 15:00 - 19:00 | Q17: ='Monday Est.'!F9 -> 88 | R17: ='Tuesday Est.'!F9 -> 85 | S17: ='Wednesday Est.'!F9 -> 84 | T17: ='Thursday Est.'!F9 -> 84 | U17: ='Friday Est'!F9 -> 83 | V17: ='Saturday Est.'!F9 -> 41 | W17: ='Sunday Est.'!F9 -> 36 | AA17: 15:00 - 19:00 | AB17: ='Monday Est.'!G9 -> 39 | AC17: ='Tuesday Est.'!G9 -> 39 | AD17: ='Wednesday Est.'!G9 -> 33 | AE17: ='Thursday Est.'!G9 -> 33 | AF17: ='Friday Est'!G9 -> 30 | AG17: ='Saturday Est.'!G9 -> 29 | AH17: ='Sunday Est.'!G9 -> 25
C18: 19:00 - 22:00 | D18: ='Monday Est.'!D10 -> 190 | E18: ='Tuesday Est.'!D10 -> 185 | F18: ='Wednesday Est.'!D10 -> 179 | G18: ='Thursday Est.'!D10 -> 179 | H18: ='Friday Est'!D10 -> 119 | I18: ='Saturday Est.'!D10 -> 29 | J18: ='Sunday Est.'!D10 -> 25 | K18: =AVERAGE(D18:H18) -> 170.4 | L18: =AVERAGE(I18:J18) -> 27 | P18: 19:00 - 22:00 | Q18: ='Monday Est.'!F10 -> 34 | R18: ='Tuesday Est.'!F10 -> 34 | S18: ='Wednesday Est.'!F10 -> 31 | T18: ='Thursday Est.'!F10 -> 29 | U18: ='Friday Est'!F10 -> 25 | V18: ='Saturday Est.'!F10 -> 21 | W18: ='Sunday Est.'!F10 -> 18 | AA18: 19:00 - 22:00 | AB18: ='Monday Est.'!G10 -> 31 | AC18: ='Tuesday Est.'!G10 -> 32 | AD18: ='Wednesday Est.'!G10 -> 31 | AE18: ='Thursday Est.'!G10 -> 29 | AF18: ='Friday Est'!G10 -> 25 | AG18: ='Saturday Est.'!G10 -> 21 | AH18: ='Sunday Est.'!G10 -> 18
C20: Daily time coverage per stretch (in mins)
B21: Daily time coverage per stretch (in mins) | C21: SOA - YAOUNDE | D21: Monday | E21: Tuesday | F21: Wednesday | G21: Thursday | H21: Friday | I21: Saturday | J21: Sunday | K21: Free flow time (to) | L21: Week day mean t (Mon -Fri) | M21: index | N21: Mean delay (mins) | P21: MFOU - YAOUNDE | Q21: Monday | R21: Tuesday | S21: Wednesday | T21: Thursday | U21: Friday | V21: Saturday | W21: Sunday | X21: Free Flow time | Y21: Weekday | AA21: Mbankomo - Yde | AB21: Monday | AC21: Tuesday | AD21: Wednesday | AE21: Thursday | AF21: Friday | AG21: Saturday | AH21: Sunday | AI21: Free flow time | AJ21: Weekday
C22: 06:00 - 07:00 | D22: ='Monday Est.'!G26 -> 42 | E22: ='Tuesday Est.'!G26 -> 40 | F22: ='Wednesday Est.'!G26 -> 37 | G22: ='Thursday Est.'!G26 -> 36 | H22: ='Friday Est'!G26 -> 30 | I22: ='Saturday Est.'!G26 -> 33 | J22: ='Sunday Est.'!G26 -> 25 | K22: =MIN(D22:J22) -> 25 | L22: =AVERAGE(D22:H22) -> 37 | M22: =L22/K22 -> 1.48 | N22: =L22-K22 -> 12 | P22: 06:00 - 07:00 | Q22: ='Monday Est.'!P23 -> 30 | R22: ='Tuesday Est.'!P23 -> 30 | S22: ='Wednesday Est.'!P23 -> 31 | T22: ='Thursday Est.'!Q23 -> 30 | U22: ='Friday Est'!P23 -> 30 | V22: ='Saturday Est.'!P23 -> 30 | W22: ='Sunday Est.'!P23 -> 30 | X22: =MIN(Q22:W22) -> 30 | Y22: =AVERAGE(Q22:U22) -> 30.2 | AA22: 06:00 - 07:00 | AB22: ='Monday Est.'!Y21 -> 35 | AC22: ='Tuesday Est.'!Y21 -> 34 | AD22: ='Wednesday Est.'!Y21 -> 34 | AE22: ='Thursday Est.'!Z21 -> 33 | AF22: ='Friday Est'!Y21 -> 32 | AG22: ='Saturday Est.'!Y21 -> 32 | AH22: ='Sunday Est.'!Y21 -> 30 | AI22: =MIN(AB22:AH22) -> 30 | AJ22: =AVERAGE(AB22:AF22) -> 33.6
C23: 07:00 - 10:00 | D23: ='Monday Est.'!G40 -> 62 | E23: ='Tuesday Est.'!G41 -> 60 | F23: ='Wednesday Est.'!G41 -> 60 | G23: ='Thursday Est.'!G41 -> 55 | H23: ='Friday Est'!G41 -> 49 | I23: ='Saturday Est.'!G42 -> 42 | J23: ='Sunday Est.'!G41 -> 39 | K23: =MIN(D23:J23) -> 39 | L23: =AVERAGE(D23:H23) -> 57.2 | M23: =L23/K23 -> 1.4666667 | N23: =L23-K23 -> 18.2 | P23: 07:00 - 10:00 | Q23: ='Monday Est.'!P37 -> 49.5 | R23: ='Tuesday Est.'!P38 -> 51 | S23: ='Wednesday Est.'!P38 -> 40 | T23: ='Thursday Est.'!Q38 -> 47 | U23: ='Friday Est'!P38 -> 44 | V23: ='Saturday Est.'!P39 -> 30 | W23: ='Sunday Est.'!P38 -> 33 | X23: =MIN(Q23:W23) -> 30 | Y23: =AVERAGE(Q23:U23) -> 46.3 | AA23: 07:00 - 10:00 | AB23: ='Monday Est.'!Y35 -> 52 | AC23: ='Tuesday Est.'!Y36 -> 50 | AD23: ='Wednesday Est.'!Y36 -> 50 | AE23: ='Thursday Est.'!Z36 -> 49 | AF23: ='Friday Est'!Y36 -> 47 | AG23: ='Saturday Est.'!Y37 -> 46 | AH23: ='Sunday Est.'!Y36 -> 40 | AI23: =MIN(AB23:AH23) -> 40 | AJ23: =AVERAGE(AB23:AF23) -> 49.6
C24: 10:00 - 15:00 | D24: ='Monday Est.'!G54 -> 36 | E24: ='Tuesday Est.'!G56 -> 35 | F24: ='Wednesday Est.'!G56 -> 34 | G24: ='Thursday Est.'!G56 -> 31 | H24: ='Friday Est'!G56 -> 33 | I24: ='Saturday Est.'!G58 -> 35 | J24: ='Sunday Est.'!G56 -> 30 | K24: =MIN(D24:J24) -> 30 | L24: =AVERAGE(D24:H24) -> 33.8 | M24: =L24/K24 -> 1.1266667 | N24: =L24-K24 -> 3.8 | P24: 10:00 - 15:00 | Q24: ='Monday Est.'!P51 -> 35 | R24: ='Tuesday Est.'!P53 -> 31 | S24: ='Wednesday Est.'!P53 -> 30 | T24: ='Thursday Est.'!Q53 -> 30 | U24: ='Friday Est'!P53 -> 30 | V24: ='Saturday Est.'!P55 -> 30 | W24: ='Sunday Est.'!P53 -> 31 | X24: =MIN(Q24:W24) -> 30 | Y24: =AVERAGE(Q24:U24) -> 31.2 | AA24: 10:00 - 15:00 | AB24: ='Monday Est.'!Y49 -> 35 | AC24: ='Tuesday Est.'!Y51 -> 34 | AD24: ='Wednesday Est.'!Y51 -> 34 | AE24: ='Thursday Est.'!Z51 -> 33 | AF24: ='Friday Est'!Y51 -> 31 | AG24: ='Saturday Est.'!Y53 -> 32 | AH24: ='Sunday Est.'!Y51 -> 31 | AI24: =MIN(AB24:AH24) -> 31 | AJ24: =AVERAGE(AB24:AF24) -> 33.4
C25: 15:00 - 19:00 | D25: ='Monday Est.'!G69 -> 66 | E25: ='Tuesday Est.'!G71 -> 63 | F25: ='Wednesday Est.'!G71 -> 61 | G25: ='Thursday Est.'!G71 -> 46 | H25: ='Friday Est'!G71 -> 40 | I25: ='Saturday Est.'!G74 -> 41 | J25: ='Sunday Est.'!G71 -> 35 | K25: =MIN(D25:J25) -> 35 | L25: =AVERAGE(D25:H25) -> 55.2 | M25: =L25/K25 -> 1.5771429 | N25: =L25-K25 -> 20.2 | P25: 15:00 - 19:00 | Q25: ='Monday Est.'!P66 -> 48 | R25: ='Tuesday Est.'!P68 -> 41 | S25: ='Wednesday Est.'!P68 -> 46 | T25: ='Thursday Est.'!Q68 -> 45 | U25: ='Friday Est'!P68 -> 39 | V25: ='Saturday Est.'!P71 -> 36 | W25: ='Sunday Est.'!P68 -> 30 | X25: =MIN(Q25:W25) -> 30 | Y25: =AVERAGE(Q25:U25) -> 43.8 | AA25: 15:00 - 19:00 | AB25: ='Monday Est.'!Y64 -> 60 | AC25: ='Tuesday Est.'!Y66 -> 58 | AD25: ='Wednesday Est.'!Y66 -> 54 | AE25: ='Thursday Est.'!Z66 -> 54 | AF25: ='Friday Est'!Y66 -> 52 | AG25: ='Saturday Est.'!Y69 -> 40 | AH25: ='Sunday Est.'!Y66 -> 30 | AI25: =MIN(AB25:AH25) -> 30 | AJ25: =AVERAGE(AB25:AF25) -> 55.6
C26: 19:00 - 22:00 | D26: ='Monday Est.'!G83 -> 56 | E26: ='Tuesday Est.'!G86 -> 51 | F26: ='Wednesday Est.'!G86 -> 44 | G26: ='Thursday Est.'!G86 -> 34 | H26: ='Friday Est'!G86 -> 32 | I26: ='Saturday Est.'!G90 -> 33 | J26: ='Sunday Est.'!G86 -> 31 | K26: =MIN(D26:J26) -> 31 | L26: =AVERAGE(D26:H26) -> 43.4 | M26: =L26/K26 -> 1.4 | N26: =L26-K26 -> 12.4 | P26: 19:00 - 22:00 | Q26: ='Monday Est.'!P80 -> 38 | R26: ='Tuesday Est.'!P83 -> 34 | S26: ='Wednesday Est.'!P83 -> 33 | T26: ='Thursday Est.'!Q83 -> 31 | U26: ='Friday Est'!P83 -> 31 | V26: ='Saturday Est.'!P87 -> 32 | W26: ='Sunday Est.'!P83 -> 31 | X26: =MIN(Q26:W26) -> 31 | Y26: =AVERAGE(Q26:U26) -> 33.4 | AA26: 19:00 - 22:00 | AB26: ='Monday Est.'!Y78 -> 43 | AC26: ='Tuesday Est.'!Y81 -> 42 | AD26: ='Wednesday Est.'!Y81 -> 40 | AE26: ='Thursday Est.'!Z81 -> 40 | AF26: ='Friday Est'!Y81 -> 38 | AG26: ='Saturday Est.'!Y85 -> 35 | AH26: ='Sunday Est.'!Y81 -> 30 | AI26: =MIN(AB26:AH26) -> 30 | AJ26: =AVERAGE(AB26:AF26) -> 40.6
D27: =SUM(D22:D26) -> 262 | E27: =SUM(E22:E26) -> 249 | F27: =SUM(F22:F26) -> 236 | G27: =SUM(G22:G26) -> 202 | H27: =SUM(H22:H26) -> 184 | I27: =SUM(I22:I26) -> 184 | J27: =SUM(J22:J26) -> 160 | L27: =AVERAGE(D27:J27) -> 211 | N27: =SUM(N22:N26) -> 66.6 | Q27: =SUM(Q22:Q26) -> 200.5 | R27: =SUM(R22:R26) -> 187 | S27: =SUM(S22:S26) -> 180 | T27: =SUM(T22:T26) -> 183 | U27: =SUM(U22:U26) -> 174 | V27: =SUM(V22:V26) -> 158 | W27: =SUM(W22:W26) -> 155 | Y27: =AVERAGE(Q27:W27) -> 176.78571
C28: Delay (=congestion Penalty)
B29: Delay (=congestion Penalty) | C29: SOA - YAOUNDE | D29: Monday | E29: Tuesday | F29: Wednesday | G29: Thursday | H29: Friday | I29: Saturday | J29: Sunday | K29: Weekday | L29: Weekend | P29: MFOU - YAOUNDE | Q29: Monday | R29: Tuesday | S29: Wednesday | T29: Thursday | U29: Friday | V29: Saturday | W29: Sunday | X29: Weekday | Y29: Weekend | AA29: Mbankomo - Yde | AB29: Monday | AC29: Tuesday | AD29: Wednesday | AE29: Thursday | AF29: Friday | AG29: Saturday | AH29: Sunday | AI29: Weekday | AJ29: Weekend
C30: 06:00 - 07:00 | D30: =D22-K22 -> 17 | E30: =E22-K22 -> 15 | F30: =F22-K22 -> 12 | G30: =G22-K22 -> 11 | H30: =H22-K22 -> 5 | I30: =I22-K22 -> 8 | J30: =J22-K22 -> 0 | K30: =AVERAGE(D30:H30) -> 12 | L30: =AVERAGE(I30:J30) -> 4 | M30: =MAX(D30:H30) -> 17 | P30: 06:00 - 07:00 | Q30: =Q22-$X22 -> 0 | R30: =R22-$X22 -> 0 | S30: =S22-$X22 -> 1 | T30: =T22-$X22 -> 0 | U30: =U22-$X22 -> 0 | V30: =V22-$X22 -> 0 | W30: =W22-$X22 -> 0 | X30: =AVERAGE(Q30:U30) -> 0.2 | Y30: =AVERAGE(V30:W30) -> 0 | Z30: =MAX(Q30:U30) -> 1 | AA30: 06:00 - 07:00 | AB30: =AB22-$AI22 -> 5 | AC30: =AC22-$AI22 -> 4 | AD30: =AD22-$AI22 -> 4 | AE30: =AE22-$AI22 -> 3 | AF30: =AF22-$AI22 -> 2 | AG30: =AG22-$AI22 -> 2 | AH30: =AH22-$AI22 -> 0 | AI30: =AVERAGE(AB30:AF30) -> 3.6 | AJ30: =AVERAGE(AG30:AH30) -> 1 | AK30: =MAX(AB30:AF30) -> 5
C31: 07:00 - 10:00 | D31: =D23-K23 -> 23 | E31: =E23-K23 -> 21 | F31: =F23-K23 -> 21 | G31: =G23-K23 -> 16 | H31: =H23-K23 -> 10 | I31: =I23-K23 -> 3 | J31: =J23-K23 -> 0 | K31: =AVERAGE(D31:H31) -> 18.2 | L31: =AVERAGE(I31:J31) -> 1.5 | M31: =MAX(D31:H31) -> 23 | P31: 07:00 - 10:00 | Q31: =Q23-$X23 -> 19.5 | R31: =R23-$X23 -> 21 | S31: =S23-$X23 -> 10 | T31: =T23-$X23 -> 17 | U31: =U23-$X23 -> 14 | V31: =V23-$X23 -> 0 | W31: =W23-$X23 -> 3 | X31: =AVERAGE(Q31:U31) -> 16.3 | Y31: =AVERAGE(V31:W31) -> 1.5 | Z31: =MAX(Q31:U31) -> 21 | AA31: 07:00 - 10:00 | AB31: =AB23-$AI23 -> 12 | AC31: =AC23-$AI23 -> 10 | AD31: =AD23-$AI23 -> 10 | AE31: =AE23-$AI23 -> 9 | AF31: =AF23-$AI23 -> 7 | AG31: =AG23-$AI23 -> 6 | AH31: =AH23-$AI23 -> 0 | AI31: =AVERAGE(AB31:AF31) -> 9.6 | AJ31: =AVERAGE(AG31:AH31) -> 3 | AK31: =MAX(AB31:AF31) -> 12
C32: 10:00 - 15:00 | D32: =D24-K24 -> 6 | E32: =E24-K24 -> 5 | F32: =F24-K24 -> 4 | G32: =G24-K24 -> 1 | H32: =H24-K24 -> 3 | I32: =I24-K24 -> 5 | J32: =J24-K24 -> 0 | K32: =AVERAGE(D32:H32) -> 3.8 | L32: =AVERAGE(I32:J32) -> 2.5 | M32: =MAX(D32:H32) -> 6 | P32: 10:00 - 15:00 | Q32: =Q24-$X24 -> 5 | R32: =R24-$X24 -> 1 | S32: =S24-$X24 -> 0 | T32: =T24-$X24 -> 0 | U32: =U24-$X24 -> 0 | V32: =V24-$X24 -> 0 | W32: =W24-$X24 -> 1 | X32: =AVERAGE(Q32:U32) -> 1.2 | Y32: =AVERAGE(V32:W32) -> 0.5 | Z32: =MAX(Q32:U32) -> 5 | AA32: 10:00 - 15:00 | AB32: =AB24-$AI24 -> 4 | AC32: =AC24-$AI24 -> 3 | AD32: =AD24-$AI24 -> 3 | AE32: =AE24-$AI24 -> 2 | AF32: =AF24-$AI24 -> 0 | AG32: =AG24-$AI24 -> 1 | AH32: =AH24-$AI24 -> 0 | AI32: =AVERAGE(AB32:AF32) -> 2.4 | AJ32: =AVERAGE(AG32:AH32) -> 0.5 | AK32: =MAX(AB32:AF32) -> 4
C33: 15:00 - 19:00 | D33: =D25-K25 -> 31 | E33: =E25-K25 -> 28 | F33: =F25-K25 -> 26 | G33: =G25-K25 -> 11 | H33: =H25-K25 -> 5 | I33: =I25-K25 -> 6 | J33: =J25-K25 -> 0 | K33: =AVERAGE(D33:H33) -> 20.2 | L33: =AVERAGE(I33:J33) -> 3 | M33: =MAX(D33:H33) -> 31 | P33: 15:00 - 19:00 | Q33: =Q25-$X25 -> 18 | R33: =R25-$X25 -> 11 | S33: =S25-$X25 -> 16 | T33: =T25-$X25 -> 15 | U33: =U25-$X25 -> 9 | V33: =V25-$X25 -> 6 | W33: =W25-$X25 -> 0 | X33: =AVERAGE(Q33:U33) -> 13.8 | Y33: =AVERAGE(V33:W33) -> 3 | Z33: =MAX(Q33:U33) -> 18 | AA33: 15:00 - 19:00 | AB33: =AB25-$AI25 -> 30 | AC33: =AC25-$AI25 -> 28 | AD33: =AD25-$AI25 -> 24 | AE33: =AE25-$AI25 -> 24 | AF33: =AF25-$AI25 -> 22 | AG33: =AG25-$AI25 -> 10 | AH33: =AH25-$AI25 -> 0 | AI33: =AVERAGE(AB33:AF33) -> 25.6 | AJ33: =AVERAGE(AG33:AH33) -> 5 | AK33: =MAX(AB33:AF33) -> 30
C34: 19:00 - 22:00 | D34: =D26-K26 -> 25 | E34: =E26-K26 -> 20 | F34: =F26-K26 -> 13 | G34: =G26-K26 -> 3 | H34: =H26-K26 -> 1 | I34: =I26-K26 -> 2 | J34: =J26-K26 -> 0 | K34: =AVERAGE(D34:H34) -> 12.4 | L34: =AVERAGE(I34:J34) -> 1 | M34: =MAX(D34:H34) -> 25 | P34: 19:00 - 22:00 | Q34: =Q26-$X26 -> 7 | R34: =R26-$X26 -> 3 | S34: =S26-$X26 -> 2 | T34: =T26-$X26 -> 0 | U34: =U26-$X26 -> 0 | V34: =V26-$X26 -> 1 | W34: =W26-$X26 -> 0 | X34: =AVERAGE(Q34:U34) -> 2.4 | Y34: =AVERAGE(V34:W34) -> 0.5 | Z34: =MAX(Q34:U34) -> 7 | AA34: 19:00 - 22:00 | AB34: =AB26-$AI26 -> 13 | AC34: =AC26-$AI26 -> 12 | AD34: =AD26-$AI26 -> 10 | AE34: =AE26-$AI26 -> 10 | AF34: =AF26-$AI26 -> 8 | AG34: =AG26-$AI26 -> 5 | AH34: =AH26-$AI26 -> 0 | AI34: =AVERAGE(AB34:AF34) -> 10.6 | AJ34: =AVERAGE(AG34:AH34) -> 2.5 | AK34: =MAX(AB34:AF34) -> 13
D35: =SUM(D30:D34) -> 102 | E35: =SUM(E30:E34) -> 89 | F35: =SUM(F30:F34) -> 76 | G35: =SUM(G30:G34) -> 42 | H35: =SUM(H30:H34) -> 24 | I35: =SUM(I30:I34) -> 24 | J35: =SUM(J30:J34) -> 0 | K35: =AVERAGE(D35:J35) -> 51 | M35: =MAX(D35:H35) -> 102 | Q35: =SUM(Q30:Q34) -> 49.5 | R35: =SUM(R30:R34) -> 36 | S35: =SUM(S30:S34) -> 29 | T35: =SUM(T30:T34) -> 32 | U35: =SUM(U30:U34) -> 23 | V35: =SUM(V30:V34) -> 7 | W35: =SUM(W30:W34) -> 4 | X35: =AVERAGE(Q35:W35) -> 25.785714 | AB35: =SUM(AB30:AB34) -> 64 | AC35: =SUM(AC30:AC34) -> 57 | AD35: =SUM(AD30:AD34) -> 51 | AE35: =SUM(AE30:AE34) -> 48 | AF35: =SUM(AF30:AF34) -> 39 | AG35: =SUM(AG30:AG34) -> 24 | AH35: =SUM(AH30:AH34) -> 0 | AJ35: =AVERAGE(AB35:AH35) -> 40.428571
C36: Trips missed because of congestion | P36: Trips missed because of congestion | AA36: Trips missed because of congestion
B37: Trips missed because of congestion | C37: SOA - YAOUNDE | D37: Duration of slot (mins) | E37: Weekday mean time (t) | F37: Free-flow time (t) | G37: Free flow capacity (trips) | H37: Weekday traffic penalty (trips) | I37: Trips "missed" | P37: MFOU - YAOUNDE | Q37: Duration of slot (mins) | R37: Weekday mean time (t) | S37: Free-flow time (t) | T37: Free flow capacity (trips) | U37: Weekday traffic penalty (trips) | V37: Trips "missed" | AA37: Mbankomo - Yde | AB37: Duration of slot (mins) | AC37: Weekday mean time (t) | AD37: Free-flow time (t) | AE37: Free flow capacity (trips) | AF37: Weekday traffic penalty (trips) | AG37: Trips "missed"
C38: 06:00 - 07:00 | D38: 60 | E38: =AVERAGE(D22:H22) -> 37 | F38: =MIN(D22:J22) -> 25 | G38: =D38/F38 -> 2.4 | H38: =D38/E38 -> 1.6216216 | I38: =G38-H38 -> 0.77837838 | P38: 06:00 - 07:00 | Q38: 60 | R38: =AVERAGE(Q22:U22) -> 30.2 | S38: =MIN(Q22:W22) -> 30 | T38: =Q38/S38 -> 2 | U38: =Q38/R38 -> 1.986755 | V38: =T38-U38 -> 0.013245033 | AA38: 06:00 - 07:00 | AB38: 60 | AC38: =AVERAGE(AB22:AF22) -> 33.6 | AD38: =MIN(AB22:AH22) -> 30 | AE38: =AB38/AD38 -> 2 | AF38: =AB38/AC38 -> 1.7857143 | AG38: =AE38-AF38 -> 0.21428571
C39: 07:00 - 10:00 | D39: 180 | E39: =AVERAGE(D23:H23) -> 57.2 | F39: =MIN(D23:J23) -> 39 | G39: =D39/F39 -> 4.6153846 | H39: =D39/E39 -> 3.1468531 | I39: =G39-H39 -> 1.4685315 | P39: 07:00 - 10:00 | Q39: 180 | R39: =AVERAGE(Q23:U23) -> 46.3 | S39: =MIN(Q23:W23) -> 30 | T39: =Q39/S39 -> 6 | U39: =Q39/R39 -> 3.887689 | V39: =T39-U39 -> 2.112311 | AA39: 07:00 - 10:00 | AB39: 180 | AC39: =AVERAGE(AB23:AF23) -> 49.6 | AD39: =MIN(AB23:AH23) -> 40 | AE39: =AB39/AD39 -> 4.5 | AF39: =AB39/AC39 -> 3.6290323 | AG39: =AE39-AF39 -> 0.87096774
C40: 10:00 - 15:00 | D40: 300 | E40: =AVERAGE(D24:H24) -> 33.8 | F40: =MIN(D24:J24) -> 30 | G40: =D40/F40 -> 10 | H40: =D40/E40 -> 8.8757396 | I40: =G40-H40 -> 1.1242604 | P40: 10:00 - 15:00 | Q40: 300 | R40: =AVERAGE(Q24:U24) -> 31.2 | S40: =MIN(Q24:W24) -> 30 | T40: =Q40/S40 -> 10 | U40: =Q40/R40 -> 9.6153846 | V40: =T40-U40 -> 0.38461538 | AA40: 10:00 - 15:00 | AB40: 300 | AC40: =AVERAGE(AB24:AF24) -> 33.4 | AD40: =MIN(AB24:AH24) -> 31 | AE40: =AB40/AD40 -> 9.6774194 | AF40: =AB40/AC40 -> 8.9820359 | AG40: =AE40-AF40 -> 0.69538343
C41: 15:00 - 19:00 | D41: 240 | E41: =AVERAGE(D25:H25) -> 55.2 | F41: =MIN(D25:J25) -> 35 | G41: =D41/F41 -> 6.8571429 | H41: =D41/E41 -> 4.3478261 | I41: =G41-H41 -> 2.5093168 | P41: 15:00 - 19:00 | Q41: 240 | R41: =AVERAGE(Q25:U25) -> 43.8 | S41: =MIN(Q25:W25) -> 30 | T41: =Q41/S41 -> 8 | U41: =Q41/R41 -> 5.4794521 | V41: =T41-U41 -> 2.5205479 | AA41: 15:00 - 19:00 | AB41: 240 | AC41: =AVERAGE(AB25:AF25) -> 55.6 | AD41: =MIN(AB25:AH25) -> 30 | AE41: =AB41/AD41 -> 8 | AF41: =AB41/AC41 -> 4.3165468 | AG41: =AE41-AF41 -> 3.6834532
C42: 19:00 - 22:00 | D42: 180 | E42: =AVERAGE(D26:H26) -> 43.4 | F42: =MIN(D26:J26) -> 31 | G42: =D42/F42 -> 5.8064516 | H42: =D42/E42 -> 4.1474654 | I42: =G42-H42 -> 1.6589862 | P42: 19:00 - 22:00 | Q42: 180 | R42: =AVERAGE(Q26:U26) -> 33.4 | S42: =MIN(Q26:W26) -> 31 | T42: =Q42/S42 -> 5.8064516 | U42: =Q42/R42 -> 5.3892216 | V42: =T42-U42 -> 0.41723006 | AA42: 19:00 - 22:00 | AB42: 180 | AC42: =AVERAGE(AB26:AF26) -> 40.6 | AD42: =MIN(AB26:AH26) -> 30 | AE42: =AB42/AD42 -> 6 | AF42: =AB42/AC42 -> 4.4334975 | AG42: =AE42-AF42 -> 1.5665025
G43: =SUM(G38:G42) -> 29.678979 | H43: =SUM(H38:H42) -> 22.139506 | I43: =SUM(I38:I42) -> 7.5394731 | T43: =SUM(T38:T42) -> 31.806452 | U43: =SUM(U38:U42) -> 26.358502 | V43: =SUM(V38:V42) -> 5.4479494 | AE43: =SUM(AE38:AE42) -> 30.177419 | AF43: =SUM(AF38:AF42) -> 23.146827 | AG43: =SUM(AG38:AG42) -> 7.0305926
C45: Extra fuel consumed caused by congestion (litres)
B46: Extra fuel consumed caused by congestion (litres) | C46: SOA - YAOUNDE | D46: Monday | E46: Tuesday | F46: Wednesday | G46: Thursday | H46: Friday | I46: Saturday | J46: Sunday | P46: Extra fuel consumed caused by congestion | AA46: Extra fuel consumed caused by congestion
C47: 06:00 - 07:00 | D47: =D14*($D$8*((D22/$K22)-1)) -> 74.8 | E47: =E14*($D$8*((E22/$K22)-1)) -> 79.5 | F47: =F14*($D$8*((F22/$K22)-1)) -> 60 | G47: =G14*($D$8*((G22/$K22)-1)) -> 55 | H47: =H14*($D$8*((H22/$K22)-1)) -> 19.5 | I47: =I14*($D$8*((I22/$K22)-1)) -> 27.2 | J47: =J14*($D$8*((J22/$K22)-1)) -> 0 | P47: MFOU - YAOUNDE | Q47: Monday | R47: Tuesday | S47: Wednesday | T47: Thursday | U47: Friday | V47: Saturday | W47: Sunday | AA47: MFOU - YAOUNDE | AB47: Monday | AC47: Tuesday | AD47: Wednesday | AE47: Thursday | AF47: Friday | AG47: Saturday | AH47: Sunday
C48: 07:00 - 10:00 | D48: =D15*($D$8*((D23/$K23)-1)) -> 314.03846 | E48: =E15*($D$8*((E23/$K23)-1)) -> 281.34615 | F48: =F15*($D$8*((F23/$K23)-1)) -> 284.03846 | G48: =G15*($D$8*((G23/$K23)-1)) -> 216.41026 | H48: =H15*($D$8*((H23/$K23)-1)) -> 101.28205 | I48: =I15*($D$8*((I23/$K23)-1)) -> 18.269231 | J48: =J15*($D$8*((J23/$K23)-1)) -> 0 | P48: 06:00 - 07:00 | Q48: =Q14*($E$8*((Q22/$X22)-1)) -> 0 | R48: =R14*($E$8*((R22/$X22)-1)) -> 0 | S48: =S14*($E$8*((S22/$X22)-1)) -> 1.87 | T48: =T14*($E$8*((T22/$X22)-1)) -> 0 | U48: =U14*($E$8*((U22/$X22)-1)) -> 0 | V48: =V14*($E$8*((V22/$X22)-1)) -> 0 | W48: =W14*($E$8*((W22/$X22)-1)) -> 0 | AA48: 06:00 - 07:00 | AB48: =AB14*($F$8*((AB22/$AI22)-1)) -> 5.4166667 | AC48: =AC14*($F$8*((AC22/$AI22)-1)) -> 4.3333333 | AD48: =AD14*($F$8*((AD22/$AI22)-1)) -> 3.6666667 | AE48: =AE14*($F$8*((AE22/$AI22)-1)) -> 2.75 | AF48: =AF14*($F$8*((AF22/$AI22)-1)) -> 1.3333333 | AG48: =AG14*($F$8*((AG22/$AI22)-1)) -> 2 | AH48: =AH14*($F$8*((AH22/$AI22)-1)) -> 0
C49: 10:00 - 15:00 | D49: =D16*($D$8*((D24/$K24)-1)) -> 202 | E49: =E16*($D$8*((E24/$K24)-1)) -> 161.66667 | F49: =F16*($D$8*((F24/$K24)-1)) -> 114.66667 | G49: =G16*($D$8*((G24/$K24)-1)) -> 28.666667 | H49: =H16*($D$8*((H24/$K24)-1)) -> 63.5 | I49: =I16*($D$8*((I24/$K24)-1)) -> 90 | J49: =J16*($D$8*((J24/$K24)-1)) -> 0 | P49: 07:00 - 10:00 | Q49: =Q15*($E$8*((Q23/$X23)-1)) -> 167.31 | R49: =R15*($E$8*((R23/$X23)-1)) -> 175.56 | S49: =S15*($E$8*((S23/$X23)-1)) -> 84.7 | T49: =T15*($E$8*((T23/$X23)-1)) -> 138.38 | U49: =U15*($E$8*((U23/$X23)-1)) -> 113.96 | V49: =V15*($E$8*((V23/$X23)-1)) -> 0 | W49: =W15*($E$8*((W23/$X23)-1)) -> 13.86 | AA49: 07:00 - 10:00 | AB49: =AB15*($F$8*((AB23/$AI23)-1)) -> 48.75 | AC49: =AC15*($F$8*((AC23/$AI23)-1)) -> 39.375 | AD49: =AD15*($F$8*((AD23/$AI23)-1)) -> 40 | AE49: =AE15*($F$8*((AE23/$AI23)-1)) -> 34.3125 | AF49: =AF15*($F$8*((AF23/$AI23)-1)) -> 23.625 | AG49: =AG15*($F$8*((AG23/$AI23)-1)) -> 15.375 | AH49: =AH15*($F$8*((AH23/$AI23)-1)) -> 0
C50: 15:00 - 19:00 | D50: =D17*($D$8*((D25/$K25)-1)) -> 473.85714 | E50: =E17*($D$8*((E25/$K25)-1)) -> 424 | F50: =F17*($D$8*((F25/$K25)-1)) -> 358.42857 | G50: =G17*($D$8*((G25/$K25)-1)) -> 151.64286 | H50: =H17*($D$8*((H25/$K25)-1)) -> 53.214286 | I50: =I17*($D$8*((I25/$K25)-1)) -> 24.857143 | J50: =J17*($D$8*((J25/$K25)-1)) -> 0 | P50: 10:00 - 15:00 | Q50: =Q16*($E$8*((Q24/$X24)-1)) -> 50.05 | R50: =R16*($E$8*((R24/$X24)-1)) -> 9.46 | S50: =S16*($E$8*((S24/$X24)-1)) -> 0 | T50: =T16*($E$8*((T24/$X24)-1)) -> 0 | U50: =U16*($E$8*((U24/$X24)-1)) -> 0 | V50: =V16*($E$8*((V24/$X24)-1)) -> 0 | W50: =W16*($E$8*((W24/$X24)-1)) -> 5.72 | AA50: 10:00 - 15:00 | AB50: =AB16*($F$8*((AB24/$AI24)-1)) -> 19.677419 | AC50: =AC16*($F$8*((AC24/$AI24)-1)) -> 14.516129 | AD50: =AD16*($F$8*((AD24/$AI24)-1)) -> 13.548387 | AE50: =AE16*($F$8*((AE24/$AI24)-1)) -> 8.3870968 | AF50: =AF16*($F$8*((AF24/$AI24)-1)) -> 0 | AG50: =AG16*($F$8*((AG24/$AI24)-1)) -> 3.1451613 | AH50: =AH16*($F$8*((AH24/$AI24)-1)) -> 0
C51: 19:00 - 22:00 | D51: =D18*($D$8*((D26/$K26)-1)) -> 383.06452 | E51: =E18*($D$8*((E26/$K26)-1)) -> 298.3871 | F51: =F18*($D$8*((F26/$K26)-1)) -> 187.66129 | G51: =G18*($D$8*((G26/$K26)-1)) -> 43.306452 | H51: =H18*($D$8*((H26/$K26)-1)) -> 9.5967742 | I51: =I18*($D$8*((I26/$K26)-1)) -> 4.6774194 | J51: =J18*($D$8*((J26/$K26)-1)) -> 0 | P51: 15:00 - 19:00 | Q51: =Q17*($E$8*((Q25/$X25)-1)) -> 174.24 | R51: =R17*($E$8*((R25/$X25)-1)) -> 102.85 | S51: =S17*($E$8*((S25/$X25)-1)) -> 147.84 | T51: =T17*($E$8*((T25/$X25)-1)) -> 138.6 | U51: =U17*($E$8*((U25/$X25)-1)) -> 82.17 | V51: =V17*($E$8*((V25/$X25)-1)) -> 27.06 | W51: =W17*($E$8*((W25/$X25)-1)) -> 0 | AA51: 15:00 - 19:00 | AB51: =AB17*($F$8*((AB25/$AI25)-1)) -> 97.5 | AC51: =AC17*($F$8*((AC25/$AI25)-1)) -> 91 | AD51: =AD17*($F$8*((AD25/$AI25)-1)) -> 66 | AE51: =AE17*($F$8*((AE25/$AI25)-1)) -> 66 | AF51: =AF17*($F$8*((AF25/$AI25)-1)) -> 55 | AG51: =AG17*($F$8*((AG25/$AI25)-1)) -> 24.166667 | AH51: =AH17*($F$8*((AH25/$AI25)-1)) -> 0
P52: 19:00 - 22:00 | Q52: =Q18*($E$8*((Q26/$X26)-1)) -> 25.335484 | R52: =R18*($E$8*((R26/$X26)-1)) -> 10.858065 | S52: =S18*($E$8*((S26/$X26)-1)) -> 6.6 | T52: =T18*($E$8*((T26/$X26)-1)) -> 0 | U52: =U18*($E$8*((U26/$X26)-1)) -> 0 | V52: =V18*($E$8*((V26/$X26)-1)) -> 2.2354839 | W52: =W18*($E$8*((W26/$X26)-1)) -> 0 | AA52: 19:00 - 22:00 | AB52: =AB18*($F$8*((AB26/$AI26)-1)) -> 33.583333 | AC52: =AC18*($F$8*((AC26/$AI26)-1)) -> 32 | AD52: =AD18*($F$8*((AD26/$AI26)-1)) -> 25.833333 | AE52: =AE18*($F$8*((AE26/$AI26)-1)) -> 24.166667 | AF52: =AF18*($F$8*((AF26/$AI26)-1)) -> 16.666667 | AG52: =AG18*($F$8*((AG26/$AI26)-1)) -> 8.75 | AH52: =AH18*($F$8*((AH26/$AI26)-1)) -> 0
C53: Daily Emissions - Tier 1
B54: Daily Emissions - Tier 1 (in kg CO2) | C54: SOA - YAOUNDE | D54: Monday | E54: Tuesday | F54: Wednesday | G54: Thursday | H54: Friday | I54: Saturday | J54: Sunday | K54: Total | P54: MFOU - YAOUNDE | Q54: Monday | R54: Tuesday | S54: Wednesday | T54: Thursday | U54: Friday | V54: Saturday | W54: Sunday | Y54: Total | AA54: Mbankomo - Yde | AB54: Monday | AC54: Tuesday | AD54: Wednesday | AE54: Thursday | AF54: Friday | AG54: Saturday | AH54: Sunday | AI54: Total
C55: 06:00 - 07:00 | D55: ='Monday Est.'!H26 -> 349.8 | E55: ='Tuesday Est.'!H26 -> 421.35 | F55: ='Wednesday Est.'!H16 -> 397.5 | G55: ='Thursday Est.'!H16 -> 397.5 | H55: ='Friday Est'!H16 -> 310.05 | I55: ='Saturday Est.'!H16 -> 270.3 | J55: ='Sunday Est.'!H16 -> 230.55 | K55: =SUM(D55:J55) -> 2377.05 | P55: 06:00 - 07:00 | Q55: ='Monday Est.'!Q23 -> 198.72765 | R55: ='Tuesday Est.'!Q16 -> 177.80895 | S55: ='Wednesday Est.'!Q16 -> 177.80895 | T55: ='Thursday Est.'!R16 -> 146.4309 | U55: ='Friday Est'!Q16 -> 146.4309 | V55: ='Saturday Est.'!Q16 -> 146.4309 | W55: ='Sunday Est.'!Q16 -> 135.97155 | Y55: =SUM(Q55:W55) -> 1129.6098 | AA55: 06:00 - 07:00 | AB55: ='Monday Est.'!Z21 -> 102.96 | AC55: ='Tuesday Est.'!Z16 -> 102.96 | AD55: ='Wednesday Est.'!Z16 -> 87.12 | AE55: ='Thursday Est.'!AA16 -> 87.12 | AF55: ='Friday Est'!Z16 -> 63.36 | AG55: ='Saturday Est.'!Z16 -> 95.04 | AH55: ='Sunday Est.'!Z16 -> 63.36 | AI55: =SUM(AB55:AH55) -> 601.92
C56: 07:00 - 10:00 | D56: ='Monday Est.'!H40 -> 1693.35 | E56: ='Tuesday Est.'!H41 -> 1661.55 | F56: ='Wednesday Est.'!H31 -> 1677.45 | G56: ='Thursday Est.'!H31 -> 1677.45 | H56: ='Friday Est'!H31 -> 1256.1 | I56: ='Saturday Est.'!H32 -> 755.25 | J56: ='Sunday Est.'!H31 -> 389.55 | K56: =SUM(D56:J56) -> 9110.7 | P56: 07:00 - 10:00 | Q56: ='Monday Est.'!Q37 -> 815.8293 | R56: ='Tuesday Est.'!Q31 -> 794.9106 | S56: ='Wednesday Est.'!Q31 -> 805.36995 | T56: ='Thursday Est.'!R31 -> 773.9919 | U56: ='Friday Est'!Q31 -> 773.9919 | V56: ='Saturday Est.'!Q32 -> 512.50815 | W56: ='Sunday Est.'!Q31 -> 439.2927 | Y56: =SUM(Q56:W56) -> 4915.8945 | AA56: 07:00 - 10:00 | AB56: ='Monday Est.'!Z35 -> 514.8 | AC56: ='Tuesday Est.'!Z31 -> 498.96 | AD56: ='Wednesday Est.'!Z31 -> 506.88 | AE56: ='Thursday Est.'!AA31 -> 483.12 | AF56: ='Friday Est'!Z31 -> 427.68 | AG56: ='Saturday Est.'!Z32 -> 324.72 | AH56: ='Sunday Est.'!Z31 -> 253.44 | AI56: =SUM(AB56:AH56) -> 3009.6
C57: 10:00 - 15:00 | D57: ='Monday Est.'!H54 -> 3211.8 | E57: ='Tuesday Est.'!H56 -> 3084.6 | F57: ='Wednesday Est.'!H46 -> 2734.8 | G57: ='Thursday Est.'!H46 -> 2734.8 | H57: ='Friday Est'!H46 -> 2019.3 | I57: ='Saturday Est.'!H48 -> 1717.2 | J57: ='Sunday Est.'!H46 -> 397.5 | K57: =SUM(D57:J57) -> 15900 | P57: 10:00 - 15:00 | Q57: ='Monday Est.'!Q51 -> 951.80085 | R57: ='Tuesday Est.'!Q46 -> 899.5041 | S57: ='Wednesday Est.'!Q46 -> 909.96345 | T57: ='Thursday Est.'!R46 -> 909.96345 | U57: ='Friday Est'!Q46 -> 889.04475 | V57: ='Saturday Est.'!Q48 -> 638.02035 | W57: ='Sunday Est.'!Q46 -> 543.8862 | Y57: =SUM(Q57:W57) -> 5742.1831 | AA57: 10:00 - 15:00 | AB57: ='Monday Est.'!Z49 -> 483.12 | AC57: ='Tuesday Est.'!Z46 -> 475.2 | AD57: ='Wednesday Est.'!Z46 -> 443.52 | AE57: ='Thursday Est.'!AA46 -> 411.84 | AF57: ='Friday Est'!Z46 -> 380.16 | AG57: ='Saturday Est.'!Z48 -> 308.88 | AH57: ='Sunday Est.'!Z46 -> 245.52 | AI57: =SUM(AB57:AH57) -> 2748.24
C58: 15:00 - 19:00 | D58: ='Monday Est.'!H69 -> 1701.3 | E58: ='Tuesday Est.'!H71 -> 1685.4 | F58: ='Wednesday Est.'!H61 -> 1534.35 | G58: ='Thursday Est.'!H61 -> 1534.35 | H58: ='Friday Est'!H61 -> 1184.55 | I58: ='Saturday Est.'!H64 -> 461.1 | J58: ='Sunday Est.'!H61 -> 349.8 | K58: =SUM(D58:J58) -> 8450.85 | P58: 15:00 - 19:00 | Q58: ='Monday Est.'!Q66 -> 920.4228 | R58: ='Tuesday Est.'!Q61 -> 889.04475 | S58: ='Wednesday Est.'!Q61 -> 878.5854 | T58: ='Thursday Est.'!R61 -> 878.5854 | U58: ='Friday Est'!Q61 -> 868.12605 | V58: ='Saturday Est.'!Q64 -> 428.83335 | W58: ='Sunday Est.'!Q61 -> 376.5366 | Y58: =SUM(Q58:W58) -> 5240.1344 | AA58: 15:00 - 19:00 | AB58: ='Monday Est.'!Z64 -> 308.88 | AC58: ='Tuesday Est.'!Z61 -> 308.88 | AD58: ='Wednesday Est.'!Z61 -> 261.36 | AE58: ='Thursday Est.'!AA61 -> 261.36 | AF58: ='Friday Est'!Z61 -> 237.6 | AG58: ='Saturday Est.'!Z64 -> 229.68 | AH58: ='Sunday Est.'!Z61 -> 198 | AI58: =SUM(AB58:AH58) -> 1805.76
C59: 19:00 - 22:00 | D59: ='Monday Est.'!H83 -> 1510.5 | E59: ='Tuesday Est.'!H86 -> 1470.75 | F59: ='Wednesday Est.'!H76 -> 1423.05 | G59: ='Thursday Est.'!H76 -> 1423.05 | H59: ='Friday Est'!H76 -> 946.05 | I59: ='Saturday Est.'!H80 -> 230.55 | J59: ='Sunday Est.'!H76 -> 198.75 | K59: =SUM(D59:J59) -> 7202.7 | P59: 19:00 - 22:00 | Q59: ='Monday Est.'!Q80 -> 355.6179 | R59: ='Tuesday Est.'!Q76 -> 355.6179 | S59: ='Wednesday Est.'!Q76 -> 324.23985 | T59: ='Thursday Est.'!R76 -> 303.32115 | U59: ='Friday Est'!Q76 -> 261.48375 | V59: ='Saturday Est.'!Q80 -> 219.64635 | W59: ='Sunday Est.'!Q76 -> 188.2683 | Y59: =SUM(Q59:W59) -> 2008.1952 | AA59: 19:00 - 22:00 | AB59: ='Monday Est.'!Z78 -> 245.52 | AC59: ='Tuesday Est.'!Z76 -> 253.44 | AD59: ='Wednesday Est.'!Z76 -> 245.52 | AE59: ='Thursday Est.'!AA76 -> 229.68 | AF59: ='Friday Est'!Z76 -> 198 | AG59: ='Saturday Est.'!Z80 -> 166.32 | AH59: ='Sunday Est.'!Z76 -> 142.56 | AI59: =SUM(AB59:AH59) -> 1481.04
C61: Daily Emissions - Tier 2
B62: Daily Emissions - Tier 2 (in kg CO2) | C62: SOA - YAOUNDE | D62: Monday | E62: Tuesday | F62: Wednesday | G62: Thursday | H62: Friday | I62: Saturday | J62: Sunday | K62: Total | P62: MFOU - YAOUNDE | Q62: Monday | R62: Tuesday | S62: Wednesday | T62: Thursday | U62: Friday | V62: Saturday | W62: Sunday | Y62: Total | AA62: Mbankomo - Yde | AB62: Monday | AC62: Tuesday | AD62: Wednesday | AE62: Thursday | AF62: Friday | AG62: Saturday | AH62: Sunday | AI62: Total
C63: 06:00 - 07:00 | D63: ='Monday Est.'!I26 -> 169.95704 | E63: ='Tuesday Est.'!I26 -> 204.72098 | F63: ='Wednesday Est.'!I26 -> 193.133 | G63: ='Thursday Est.'!I26 -> 193.133 | H63: ='Friday Est'!I26 -> 150.64374 | I63: ='Saturday Est.'!I26 -> 131.33044 | J63: ='Sunday Est.'!I26 -> 112.01714 | K63: =SUM(D63:J63) -> 1154.9353 | P63: 06:00 - 07:00 | Q63: ='Monday Est.'!R23 -> 63.908625 | R63: ='Tuesday Est.'!R23 -> 57.181402 | S63: ='Wednesday Est.'!R23 -> 57.181402 | T63: ='Thursday Est.'!S23 -> 47.090566 | U63: ='Friday Est'!R23 -> 47.090566 | V63: ='Saturday Est.'!R23 -> 47.090566 | W63: ='Sunday Est.'!R23 -> 43.726954 | Y63: =SUM(Q63:W63) -> 363.27008 | AA63: 06:00 - 07:00 | AB63: ='Monday Est.'!AA21 -> 26.066066 | AC63: ='Tuesday Est.'!AA21 -> 26.066066 | AD63: ='Wednesday Est.'!AA21 -> 22.055902 | AE63: ='Thursday Est.'!AB21 -> 22.055902 | AF63: ='Friday Est'!AA21 -> 16.040656 | AG63: ='Saturday Est.'!AA21 -> 24.060984 | AH63: ='Sunday Est.'!AA21 -> 16.040656 | AI63: =SUM(AB63:AH63) -> 152.38623
C64: 07:00 - 10:00 | D64: ='Monday Est.'!I40 -> 822.74658 | E64: ='Tuesday Est.'!I41 -> 807.29594 | F64: ='Wednesday Est.'!I41 -> 815.02126 | G64: ='Thursday Est.'!I41 -> 815.02126 | H64: ='Friday Est'!I41 -> 610.30028 | I64: ='Saturday Est.'!I42 -> 366.9527 | J64: ='Sunday Est.'!I41 -> 189.27034 | K64: =SUM(D64:J64) -> 4426.6084 | P64: 07:00 - 10:00 | Q64: ='Monday Est.'!R37 -> 262.36172 | R64: ='Tuesday Est.'!R38 -> 255.6345 | S64: ='Wednesday Est.'!R38 -> 258.99811 | T64: ='Thursday Est.'!S38 -> 248.90728 | U64: ='Friday Est'!R38 -> 248.90728 | V64: ='Saturday Est.'!R39 -> 164.81698 | W64: ='Sunday Est.'!R38 -> 141.2717 | Y64: =SUM(Q64:W64) -> 1580.8976 | AA64: 07:00 - 10:00 | AB64: ='Monday Est.'!AA35 -> 130.33033 | AC64: ='Tuesday Est.'!AA36 -> 126.32017 | AD64: ='Wednesday Est.'!AA36 -> 128.32525 | AE64: ='Thursday Est.'!AB36 -> 122.31 | AF64: ='Friday Est'!AA36 -> 108.27443 | AG64: ='Saturday Est.'!AA37 -> 82.208362 | AH64: ='Sunday Est.'!AA36 -> 64.162624 | AI64: =SUM(AB64:AH64) -> 761.93116
C65: 10:00 - 15:00 | D65: ='Monday Est.'!I54 -> 178.44485 | E65: ='Tuesday Est.'!I56 -> 1498.7121 | F65: ='Wednesday Est.'!I56 -> 1328.755 | G65: ='Thursday Est.'!I56 -> 1328.755 | H65: ='Friday Est'!I56 -> 981.11564 | I65: ='Saturday Est.'!I58 -> 834.33456 | J65: ='Sunday Est.'!I56 -> 193.133 | K65: =SUM(D65:J65) -> 6343.2502 | P65: 10:00 - 15:00 | Q65: ='Monday Est.'!R51 -> 306.08868 | R65: ='Tuesday Est.'!R53 -> 289.27062 | S65: ='Wednesday Est.'!R53 -> 292.63423 | T65: ='Thursday Est.'!S53 -> 292.63423 | U65: ='Friday Est'!R53 -> 285.90701 | V65: ='Saturday Est.'!R55 -> 205.18032 | W65: ='Sunday Est.'!R53 -> 174.90782 | Y65: =SUM(Q65:W65) -> 1846.6229 | AA65: 10:00 - 15:00 | AB65: ='Monday Est.'!AA49 -> 122.31 | AC65: ='Tuesday Est.'!AA51 -> 120.30492 | AD65: ='Wednesday Est.'!AA51 -> 112.28459 | AE65: ='Thursday Est.'!AB51 -> 104.26426 | AF65: ='Friday Est'!AA51 -> 96.243936 | AG65: ='Saturday Est.'!AA53 -> 78.198198 | AH65: ='Sunday Est.'!AA51 -> 62.157542 | AI65: =SUM(AB65:AH65) -> 695.76345
C66: 15:00 - 19:00 | D66: ='Monday Est.'!I69 -> 826.60924 | E66: ='Tuesday Est.'!I71 -> 818.88392 | F66: ='Wednesday Est.'!I71 -> 745.49338 | G66: ='Thursday Est.'!I71 -> 745.49338 | H66: ='Friday Est'!I71 -> 575.53634 | I66: ='Saturday Est.'!I74 -> 224.03428 | J66: ='Sunday Est.'!I71 -> 169.95704 | K66: =SUM(D66:J66) -> 4106.0076 | P66: 15:00 - 19:00 | Q66: ='Monday Est.'!R66 -> 295.99784 | R66: ='Tuesday Est.'!R68 -> 285.90701 | S66: ='Wednesday Est.'!R68 -> 282.5434 | T66: ='Thursday Est.'!S68 -> 282.5434 | U66: ='Friday Est'!R68 -> 279.17978 | V66: ='Saturday Est.'!R71 -> 137.90809 | W66: ='Sunday Est.'!R68 -> 121.09003 | Y66: =SUM(Q66:W66) -> 1685.1695 | AA66: 15:00 - 19:00 | AB66: ='Monday Est.'!AA64 -> 78.198198 | AC66: ='Tuesday Est.'!AA66 -> 78.198198 | AD66: ='Wednesday Est.'!AA66 -> 66.167706 | AE66: ='Thursday Est.'!AB66 -> 66.167706 | AF66: ='Friday Est'!AA66 -> 60.15246 | AG66: ='Saturday Est.'!AA69 -> 58.147378 | AH66: ='Sunday Est.'!AA66 -> 50.12705 | AI66: =SUM(AB66:AH66) -> 457.1587
C67: 19:00 - 22:00 | D67: ='Monday Est.'!I83 -> 733.9054 | E67: ='Tuesday Est.'!I86 -> 714.5921 | F67: ='Wednesday Est.'!I86 -> 691.41614 | G67: ='Thursday Est.'!I86 -> 691.41614 | H67: ='Friday Est'!I86 -> 459.65654 | I67: ='Saturday Est.'!I90 -> 112.01714 | J67: ='Sunday Est.'!I86 -> 96.5665 | K67: =SUM(D67:J67) -> 3499.57 | P67: 19:00 - 22:00 | Q67: ='Monday Est.'!R80 -> 114.3628 | R67: ='Tuesday Est.'!R83 -> 114.3628 | S67: ='Wednesday Est.'!R83 -> 104.27197 | T67: ='Thursday Est.'!S83 -> 97.544744 | U67: ='Friday Est'!R83 -> 84.090296 | V67: ='Saturday Est.'!R87 -> 70.635849 | W67: ='Sunday Est.'!R83 -> 60.545013 | Y67: =SUM(Q67:W67) -> 645.81348 | AA67: 19:00 - 22:00 | AB67: ='Monday Est.'!AA78 -> 62.157542 | AC67: ='Tuesday Est.'!AA81 -> 64.162624 | AD67: ='Wednesday Est.'!AA81 -> 62.157542 | AE67: ='Thursday Est.'!AB81 -> 58.147378 | AF67: ='Friday Est'!AA81 -> 50.12705 | AG67: ='Saturday Est.'!AA85 -> 42.106722 | AH67: ='Sunday Est.'!AA81 -> 36.091476 | AI67: =SUM(AB67:AH67) -> 374.95033
C69: Extra caused by congestion | P69: Extra caused by congestion
B70: Daily Extra Emissions from traffic Congestion (in kg CO2) | C70: SOA - YAOUNDE | D70: Monday | E70: Tuesday | F70: Wednesday | G70: Thursday | H70: Friday | I70: Saturday | J70: Sunday | P70: MFOU - YAOUNDE | Q70: Monday | R70: Tuesday | S70: Wednesday | T70: Thursday | U70: Friday | V70: Saturday | W70: Sunday | AA70: Mbankomo - YAOUNDE | AB70: Monday | AC70: Tuesday | AD70: Wednesday | AE70: Thursday | AF70: Friday | AG70: Saturday | AH70: Sunday
